registry_key,namespace,uri,methods,products,title,live_status,http_status,info_db_status,归因分组,备注,source_url
DB.ACTL-M1,DB,DB/ACTL-M1,"GET, PUT, DELETE",GEN_NX,Main Control Data,HTTP_ERROR,404,404,A-HyperS求解器变体,官方索引标记 ᴴˢ⁾，实例为标准求解器；Registry 缺 solver 门控,https://support.midasuser.com/hc/en-us/articles/56397306107545-Main-Control-Data
DB.BCGA-M1,DB,DB/BCGA-M1,"POST, GET, PUT, DELETE",GEN_NX,Assign Boundary Combination,HTTP_ERROR,404,404,A-HyperS求解器变体,官方索引标记 ᴴˢ⁾，实例为标准求解器；Registry 缺 solver 门控,https://support.midasuser.com/hc/en-us/articles/56375029084697-Assign-Boundary-Combination
DB.BCGD-M1,DB,DB/BCGD-M1,"POST, GET, PUT, DELETE",GEN_NX,Assign Boundary Combination,HTTP_ERROR,404,404,A-HyperS求解器变体,官方索引标记 ᴴˢ⁾，实例为标准求解器；Registry 缺 solver 门控,https://support.midasuser.com/hc/en-us/articles/56374180830745-Define-Boundary-Combination
DB.EIGV-M1,DB,DB/EIGV-M1,"GET, PUT, DELETE",GEN_NX,Eigenvalue Analysis Control,HTTP_ERROR,404,404,A-HyperS求解器变体,官方索引标记 ᴴˢ⁾，实例为标准求解器；Registry 缺 solver 门控,https://support.midasuser.com/hc/en-us/articles/56375983487385-Eigenvalue-Analysis-Control
DB.EPMT-M1,DB,DB/EPMT-M1,"POST, GET, PUT, DELETE",GEN_NX,Plastic Material,HTTP_ERROR,404,404,A-HyperS求解器变体,官方索引标记 ᴴˢ⁾，实例为标准求解器；Registry 缺 solver 门控,https://support.midasuser.com/hc/en-us/articles/56511025581337-Plastic-Material
DB.HHCT-M1,DB,DB/HHCT-M1,"GET, PUT, DELETE",GEN_NX,Heat of Hydration Analysis Control,HTTP_ERROR,404,404,A-HyperS求解器变体,官方索引标记 ᴴˢ⁾，实例为标准求解器；Registry 缺 solver 门控,https://support.midasuser.com/hc/en-us/articles/56399833703193-Heat-of-Hydration-Analysis-Control
DB.IEHG-BEAM-M1,DB,DB/IEHG-BEAM-M1,"POST, GET, PUT, DELETE",GEN_NX,Assign Inelastic Hinges - Beam,HTTP_ERROR,404,404,A-HyperS求解器变体,官方索引标记 ᴴˢ⁾，实例为标准求解器；Registry 缺 solver 门控,https://support.midasuser.com/hc/en-us/articles/57656773423385-Assign-Inelastic-Hinges-Beam
DB.IEHG-GL-M1,DB,DB/IEHG-GL-M1,"POST, GET, PUT, DELETE",GEN_NX,Assign Inelastic Hinges - General Link,HTTP_ERROR,404,404,A-HyperS求解器变体,官方索引标记 ᴴˢ⁾，实例为标准求解器；Registry 缺 solver 门控,https://support.midasuser.com/hc/en-us/articles/57656799110937-Assign-Inelastic-Hinges-General-Link
DB.IEHG-PSS-M1,DB,DB/IEHG-PSS-M1,"POST, GET, PUT, DELETE",GEN_NX,Assign Inelastic Hinges - Point Spring Support,HTTP_ERROR,404,404,A-HyperS求解器变体,官方索引标记 ᴴˢ⁾，实例为标准求解器；Registry 缺 solver 门控,https://support.midasuser.com/hc/en-us/articles/57656826629657-Assign-Inelastic-Hinges-Point-Spring-Support
DB.IEHG-TRUSS-M1,DB,DB/IEHG-TRUSS-M1,"POST, GET, PUT, DELETE",GEN_NX,Assign Inelastic Hinges - Truss,HTTP_ERROR,404,404,A-HyperS求解器变体,官方索引标记 ᴴˢ⁾，实例为标准求解器；Registry 缺 solver 门控,https://support.midasuser.com/hc/en-us/articles/57656796689177-Assign-Inelastic-Hinges-Truss
DB.IMFM-M1,DB,DB/IMFM-M1,"POST, GET, PUT, DELETE",GEN_NX,Inelastic Material Link for Auto Generation,HTTP_ERROR,404,404,A-HyperS求解器变体,官方索引标记 ᴴˢ⁾，实例为标准求解器；Registry 缺 solver 门控,https://support.midasuser.com/hc/en-us/articles/56375076523929-Inelastic-Material-Link-for-Auto-Generation
DB.MATL-M1,DB,DB/MATL-M1,"POST, GET, PUT, DELETE",GEN_NX,Material Properties,HTTP_ERROR,404,404,A-HyperS求解器变体,官方索引标记 ᴴˢ⁾，实例为标准求解器；Registry 缺 solver 门控,https://support.midasuser.com/hc/en-us/articles/56396523438873-Material-Properties
DB.NLCT-M1,DB,DB/NLCT-M1,"GET, PUT, DELETE",GEN_NX,Nonlinear Analysis Control,HTTP_ERROR,404,404,A-HyperS求解器变体,官方索引标记 ᴴˢ⁾，实例为标准求解器；Registry 缺 solver 门控,https://support.midasuser.com/hc/en-us/articles/56506850582425-Nonlinear-Analysis-Control
DB.NLNK-M1,DB,DB/NLNK-M1,"POST, GET, PUT, DELETE",GEN_NX,General Link,HTTP_ERROR,404,404,A-HyperS求解器变体,官方索引标记 ᴴˢ⁾，实例为标准求解器；Registry 缺 solver 门控,https://support.midasuser.com/hc/en-us/articles/56511465190937-General-Link
DB.POGD-M1,DB,DB/POGD-M1,"GET, PUT, DELETE",GEN_NX,Pushover Global Control,HTTP_ERROR,404,404,A-HyperS求解器变体,官方索引标记 ᴴˢ⁾，实例为标准求解器；Registry 缺 solver 门控,https://support.midasuser.com/hc/en-us/articles/56511008007705-Pushover-Global-Control
DB.POLC-M1,DB,DB/POLC-M1,"POST, GET, PUT, DELETE",GEN_NX,Pushover Load Case,HTTP_ERROR,404,404,A-HyperS求解器变体,官方索引标记 ᴴˢ⁾，实例为标准求解器；Registry 缺 solver 门控,https://support.midasuser.com/hc/en-us/articles/56506753403673-Pushover-Load-Case
DB.STCT-M1,DB,DB/STCT-M1,"GET, PUT, DELETE",GEN_NX,Construction Stage Analysis Control Data,HTTP_ERROR,404,404,A-HyperS求解器变体,官方索引标记 ᴴˢ⁾，实例为标准求解器；Registry 缺 solver 门控,https://support.midasuser.com/hc/en-us/articles/57053813627673-Construction-Stage-Analysis-Control-Data
DB.STYP-M1,DB,DB/STYP-M1,"GET, PUT, DELETE",GEN_NX,Structure Type,HTTP_ERROR,404,404,A-HyperS求解器变体,官方索引标记 ᴴˢ⁾，实例为标准求解器；Registry 缺 solver 门控,https://support.midasuser.com/hc/en-us/articles/56375311138201-Structure-Type
DB.THGC-M1,DB,DB/THGC-M1,"GET, PUT, DELETE",GEN_NX,Time History Global Control,HTTP_ERROR,404,404,A-HyperS求解器变体,官方索引标记 ᴴˢ⁾，实例为标准求解器；Registry 缺 solver 门控,https://support.midasuser.com/hc/en-us/articles/56510942223513-Time-History-Global-Control
DB.THIS-M1,DB,DB/THIS-M1,"POST, GET, PUT, DELETE",GEN_NX,Time History Load Cases,HTTP_ERROR,404,404,A-HyperS求解器变体,官方索引标记 ᴴˢ⁾，实例为标准求解器；Registry 缺 solver 门控,https://support.midasuser.com/hc/en-us/articles/56538335819673-Time-History-Load-Cases
DB.THOO-M1,DB,DB/THOO-M1,"GET, PUT, DELETE",GEN_NX,Time History Output Option,HTTP_ERROR,404,404,A-HyperS求解器变体,官方索引标记 ᴴˢ⁾，实例为标准求解器；Registry 缺 solver 门控,https://support.midasuser.com/hc/en-us/articles/56371398681241-Time-History-Output-Option
DB.CAMB,DB,DB/CAMB,"POST, GET, PUT, DELETE","CIVIL_NX,GEN_NX",FCM Camber Control,HTTP_ERROR,404,404,B-GEN声称可用但实例缺表,官方 GEN 索引收录该 URI，实例 /info/db 亦 404；需裁决归属或版本,https://support.midasuser.com/hc/en-us/articles/35991862460697-FCM-Camber-Control
DB.CJFG,DB,DB/CJFG,"POST, GET, PUT, DELETE","CIVIL_NX,GEN_NX",Concurrent Joint Force Group,HTTP_ERROR,404,404,B-GEN声称可用但实例缺表,官方 GEN 索引收录该 URI，实例 /info/db 亦 404；需裁决归属或版本,https://support.midasuser.com/hc/en-us/articles/35962376351769-Concurrent-Joint-Force-Group
DB.CMCS,DB,DB/CMCS,"POST, GET, PUT, DELETE","CIVIL_NX,GEN_NX",Camber for Construction Stage,HTTP_ERROR,404,404,B-GEN声称可用但实例缺表,官方 GEN 索引收录该 URI，实例 /info/db 亦 404；需裁决归属或版本,https://support.midasuser.com/hc/en-us/articles/35987807611161-Camber-for-Construction-Stage
DB.CRGR,DB,DB/CRGR,"POST, GET, PUT, DELETE","CIVIL_NX,GEN_NX",Concurrent Reaction Group,HTTP_ERROR,404,404,B-GEN声称可用但实例缺表,官方 GEN 索引收录该 URI，实例 /info/db 亦 404；需裁决归属或版本,https://support.midasuser.com/hc/en-us/articles/35962261902745-Concurrent-Reaction-Group
DB.DYFG,DB,DB/DYFG,"POST, GET, PUT, DELETE","CIVIL_NX,GEN_NX",Railway Dynamic Factor,HTTP_ERROR,404,404,B-GEN声称可用但实例缺表,官方 GEN 索引收录该 URI，实例 /info/db 亦 404；需裁决归属或版本,https://support.midasuser.com/hc/en-us/articles/35963474883097-Railway-Dynamic-Factor
DB.DYLA,DB,DB/DYLA,"POST, GET, PUT, DELETE","CIVIL_NX,GEN_NX",Dynamic Load Allowance,HTTP_ERROR,404,404,B-GEN声称可用但实例缺表,官方 GEN 索引收录该 URI，实例 /info/db 亦 404；需裁决归属或版本,https://support.midasuser.com/hc/en-us/articles/35963288573849-Dynamic-Load-Allowance
DB.DYNF,DB,DB/DYNF,"POST, GET, PUT, DELETE","CIVIL_NX,GEN_NX",Railway Dynamic Factor by Element,HTTP_ERROR,404,404,B-GEN声称可用但实例缺表,官方 GEN 索引收录该 URI，实例 /info/db 亦 404；需裁决归属或版本,https://support.midasuser.com/hc/en-us/articles/35963520535577-Railway-Dynamic-Factor-by-Element
DB.EWSF,DB,DB/EWSF,"POST, GET, PUT, DELETE","CIVIL_NX,GEN_NX",Effective Width Scale Factor,HTTP_ERROR,404,404,B-GEN声称可用但实例缺表,官方 GEN 索引收录该 URI，实例 /info/db 亦 404；需裁决归属或版本,https://support.midasuser.com/hc/en-us/articles/35943954272281-Effective-Width-Scale-Factor
DB.GCMB,DB,DB/GCMB,"POST, GET, PUT, DELETE","CIVIL_NX,GEN_NX",General Camber Control,HTTP_ERROR,404,404,B-GEN声称可用但实例缺表,官方 GEN 索引收录该 URI，实例 /info/db 亦 404；需裁决归属或版本,https://support.midasuser.com/hc/en-us/articles/35991765204121-General-Camber-Control
DB.GSBG,DB,DB/GSBG,"POST, GET, PUT, DELETE","CIVIL_NX,GEN_NX",Bridge Girder Diagrams,HTTP_ERROR,404,404,B-GEN声称可用但实例缺表,官方 GEN 索引收录该 URI，实例 /info/db 亦 404；需裁决归属或版本,https://support.midasuser.com/hc/en-us/articles/35991591178265-Bridge-Girder-Diagrams
DB.PLCB,DB,DB/PLCB,"POST, GET, PUT, DELETE","CIVIL_NX,GEN_NX",Pre-composite Section,HTTP_ERROR,404,404,B-GEN声称可用但实例缺表,官方 GEN 索引收录该 URI，实例 /info/db 亦 404；需裁决归属或版本,https://support.midasuser.com/hc/en-us/articles/35988644139673-Pre-composite-Section
DB.RCHK,DB,DB/RCHK,"POST, GET, PUT, DELETE","CIVIL_NX,GEN_NX",Rebar Input for Checking - Beam/Column,HTTP_ERROR,404,404,B-GEN声称可用但实例缺表,官方 GEN 索引收录该 URI，实例 /info/db 亦 404；需裁决归属或版本,https://support.midasuser.com/hc/en-us/articles/35993850335897-Rebar-Input-for-Checking-Beam-Column
DB.SPAN,DB,DB/SPAN,"POST, GET, PUT, DELETE","CIVIL_DESIGNER,CIVIL_NX,GEN_NX",Span Information,HTTP_ERROR,404,404,B-GEN声称可用但实例缺表,官方 GEN 索引收录该 URI，实例 /info/db 亦 404；需裁决归属或版本,https://support.midasuser.com/hc/en-us/articles/35805957502233-Span-Information
DB.STRPSSM,DB,DB/STRPSSM,"POST, GET, PUT, DELETE","CIVIL_NX,GEN_NX",Section Manager - Stress Points,HTTP_ERROR,404,404,B-GEN声称可用但实例缺表,官方 GEN 索引收录该 URI，实例 /info/db 亦 404；需裁决归属或版本,https://support.midasuser.com/hc/en-us/articles/35943448721177-Section-Manager-Stress-Points
DB.WVLD,DB,DB/WVLD,"POST, GET, PUT, DELETE","CIVIL_NX,GEN_NX",Wave Loads,HTTP_ERROR,404,404,B-GEN声称可用但实例缺表,官方 GEN 索引收录该 URI，实例 /info/db 亦 404；需裁决归属或版本,https://support.midasuser.com/hc/en-us/articles/35988728179097-Wave-Loads
DB.BTCP,DB,DB/BTCP,"GET, PUT",CIVIL_DESIGNER,参数-盖梁验算,HTTP_ERROR,404,404,C-产品不匹配（CIVIL_DESIGNER）,实例为 GEN NX，该端点属其他产品；冒烟未按产品门控，属预期 404,G:\midas Civil Designer - API (wolai snapshot)
DB.CAPSIZE,DB,DB/CAPSIZE,"GET, POST, DELETE",CIVIL_DESIGNER,倾覆数据,HTTP_ERROR,404,404,C-产品不匹配（CIVIL_DESIGNER）,实例为 GEN NX，该端点属其他产品；冒烟未按产品门控，属预期 404,G:\midas Civil Designer - API (wolai snapshot)
DB.CWRC,DB,DB/CWRC,"GET, PUT",CIVIL_DESIGNER,参数-裂缝宽度系数,HTTP_ERROR,404,404,C-产品不匹配（CIVIL_DESIGNER）,实例为 GEN NX，该端点属其他产品；冒烟未按产品门控，属预期 404,G:\midas Civil Designer - API (wolai snapshot)
DB.DCOD,DB,DB/DCOD,"GET, PUT",CIVIL_DESIGNER,规范设置,HTTP_ERROR,404,404,C-产品不匹配（CIVIL_DESIGNER）,实例为 GEN NX，该端点属其他产品；冒烟未按产品门控，属预期 404,G:\midas Civil Designer - API (wolai snapshot)
DB.LCOM,DB,DB/LCOM,GET,CIVIL_DESIGNER,荷载组合,HTTP_ERROR,404,404,C-产品不匹配（CIVIL_DESIGNER）,实例为 GEN NX，该端点属其他产品；冒烟未按产品门控，属预期 404,G:\midas Civil Designer - API (wolai snapshot)
DB.MODULE,DB,DB/MODULE,"GET, PUT",CIVIL_DESIGNER,模块,HTTP_ERROR,404,404,C-产品不匹配（CIVIL_DESIGNER）,实例为 GEN NX，该端点属其他产品；冒烟未按产品门控，属预期 404,G:\midas Civil Designer - API (wolai snapshot)
DB.TRPT,DB,DB/TRPT,"GET, PUT",CIVIL_DESIGNER,整体计算书设置,HTTP_ERROR,404,404,C-产品不匹配（CIVIL_DESIGNER）,实例为 GEN NX，该端点属其他产品；冒烟未按产品门控，属预期 404,G:\midas Civil Designer - API (wolai snapshot)
DB.UFTR,DB,DB/UFTR,DELETE/GET/POST/PUT,CIVIL_NX,Define Header and Footer,HTTP_ERROR,404,404,C-产品不匹配（CIVIL_NX）,实例为 GEN NX，该端点属其他产品；冒烟未按产品门控，属预期 404,G:\midas Civil NX - API (wolai snapshot)
DB.UTBL,DB,DB/UTBL,DELETE/GET/POST/PUT,CIVIL_NX,User Defined Table,HTTP_ERROR,404,404,C-产品不匹配（CIVIL_NX）,实例为 GEN NX，该端点属其他产品；冒烟未按产品门控，属预期 404,G:\midas Civil NX - API (wolai snapshot)
DOC.UNIT,DOC,DOC/UNIT,"GET, PUT",CIVIL_DESIGNER,单位,HTTP_ERROR,404,404,C-产品不匹配（CIVIL_DESIGNER）,实例为 GEN NX，该端点属其他产品；冒烟未按产品门控，属预期 404,G:\midas Civil Designer - API (wolai snapshot)
