no,namespace,subsection,end_point,input_uri,active_methods,table_type,title,available_product,schema,examples,request_examples,response_examples,spec_rows,updated_at,help_url
1,DOC,,/doc/NEW,doc/NEW,POST,,New Project,"CIVIL NX, GEN NX",yes,1,0,0,2,2025-11-04,https://support.midasuser.com/hc/en-us/articles/35994078198681-New-Project
2,DOC,,/doc/OPEN,doc/OPEN,POST,,Open Project,"CIVIL NX, GEN NX",yes,1,0,0,2,2025-11-04,https://support.midasuser.com/hc/en-us/articles/35994112560793-Open-Project
3,DOC,,/doc/CLOSE,doc/CLOSE,POST,,Close Project,"CIVIL NX, GEN NX",yes,1,0,0,2,2025-11-04,https://support.midasuser.com/hc/en-us/articles/35994162529305-Close-Project
4,DOC,,/doc/SAVE,doc/SAVE,POST,,Save,"CIVIL NX, GEN NX",yes,1,0,0,2,2025-09-17,https://support.midasuser.com/hc/en-us/articles/35994210207513-Save
5,DOC,,/doc/SAVEAS,doc/SAVEAS,POST,,Save As,"CIVIL NX, GEN NX",yes,1,0,0,2,2025-09-17,https://support.midasuser.com/hc/en-us/articles/35994277012377-Save-As
6,DOC,,/doc/STAGAS,doc/STAGAS,POST,,Save Current Stage As,,,0,0,0,3,2026-06-30,https://support.midasuser.com/hc/en-us/articles/50707525717401-Save-Current-Stage-As
7,DOC,,/doc/IMPORT,doc/IMPORT,POST,,Import to Json,"CIVIL NX, GEN NX",yes,1,0,0,2,2025-09-17,https://support.midasuser.com/hc/en-us/articles/35994338816793-Import-to-Json
8,DOC,,/doc/IMPORTMXT,doc/IMPORTMXT,POST,,Import to mct/mgt,"CIVIL NX, GEN NX",yes,1,0,0,2,2025-11-04,https://support.midasuser.com/hc/en-us/articles/35994365225113-Import-to-mct-mgt
9,DOC,,/doc/EXPORT,doc/EXPORT,POST,,Export to Json,,yes,1,0,0,2,2025-02-06,https://support.midasuser.com/hc/en-us/articles/35994422273305-Export-to-Json
10,DOC,,/doc/EXPORTMXT,doc/EXPORTMXT,POST,,Export to mct/mgt,,yes,1,0,0,2,2025-11-04,https://support.midasuser.com/hc/en-us/articles/35994462805017-Export-to-mct-mgt
11,DOC,,/doc/ANAL,doc/ANAL,POST,,Perform Analysis,,yes,2,0,0,5,2025-02-06,https://support.midasuser.com/hc/en-us/articles/35685160815897-Perform-Analysis
12,DB,Project,/db/PJCF,db/PJCF,"POST, GET, PUT, DELETE",,Project Information,,yes,1,0,0,21,2026-09-01,https://support.midasuser.com/hc/en-us/articles/35801869341337-Project-Information
13,DB,View,/db/NPLN,db/NPLN,"POST, GET, PUT, DELETE",,Named Plane,,yes,1,0,0,9,2025-02-06,https://support.midasuser.com/hc/en-us/articles/35805287066649-Named-Plane
14,DB,Structure,/db/SPAN,db/SPAN,"POST, GET, PUT, DELETE",,Span Information,,yes,1,0,0,10,2025-02-06,https://support.midasuser.com/hc/en-us/articles/35805957502233-Span-Information
15,DB,Node/Element,/db/NODE,db/NODE,"POST, GET, PUT, DELETE",,Node,,yes,1,0,0,4,2025-02-06,https://support.midasuser.com/hc/en-us/articles/35806845654169-Node
16,DB,Properties,/db/MATL,db/MATL,"POST, GET, PUT, DELETE",,Material Properties,,yes,3,0,0,29,2025-11-04,https://support.midasuser.com/hc/en-us/articles/35807411331993-Material-Properties
17,DB,Boundary,/db/CONS,db/CONS,"POST, GET, PUT, DELETE",,Constraint Support,,yes,1,0,0,5,2025-11-04,https://support.midasuser.com/hc/en-us/articles/35944759597337-Constraint-Support
18,DB,Static Loads,/db/STLD,db/STLD,"POST, GET, PUT, DELETE",,Static Load Cases,,yes,1,0,0,73,2025-11-04,https://support.midasuser.com/hc/en-us/articles/35952651947801-Static-Load-Cases
19,DB,Temperature Loads,/db/ETMP,db/ETMP,"POST, GET, PUT, DELETE",,Element Temperature,,yes,1,0,0,6,2025-03-06,https://support.midasuser.com/hc/en-us/articles/35954097233561-Element-Temperature
20,DB,Prestress Loads,/db/TDNT,db/TDNT,"POST, GET, PUT, DELETE",,Tendon Property,,yes,15,0,0,79,2025-11-04,https://support.midasuser.com/hc/en-us/articles/35954451663513-Tendon-Property
21,DB,Moving Loads,/db/MVCD,db/MVCD,"POST, GET, PUT, DELETE",,Moving Load Code,,yes,1,0,0,19,2025-11-04,https://support.midasuser.com/hc/en-us/articles/35955076795929-Moving-Load-Code
22,DB,Dynamic Loads,/db/SPFC,db/SPFC,"POST, GET, PUT, DELETE",,Response Spectrum Functions - User Type,,yes,1,0,0,11,2025-03-06,https://support.midasuser.com/hc/en-us/articles/35963686253593-Response-Spectrum-Functions-User-Type
23,DB,Construction Stage Loads,/db/STAG,db/STAG,"POST, GET, PUT, DELETE",,Define Construction Stage,,yes,1,0,0,24,2025-03-06,https://support.midasuser.com/hc/en-us/articles/35987578396697-Define-Construction-Stage
24,DB,Heat of Hydration Loads,/db/ETFC,db/ETFC,"POST, GET, PUT, DELETE",,Ambient Temperature Functions,,yes,1,0,0,14,2025-03-07,https://support.midasuser.com/hc/en-us/articles/35988049086489-Ambient-Temperature-Functions
25,DB,Settlement Loads,/db/SMPT,db/SMPT,"POST, GET, PUT, DELETE",,Settlement Group,,yes,1,0,0,4,2025-03-07,https://support.midasuser.com/hc/en-us/articles/35988516836633-Settlement-Group
26,DB,Miscellaneous Loads,/db/PLCB,db/PLCB,"POST, GET, PUT, DELETE",,Pre-composite Section,,yes,1,0,0,2,2025-03-07,https://support.midasuser.com/hc/en-us/articles/35988644139673-Pre-composite-Section
27,DB,Grid Model Analysis Loads,/db/GALD ᴶ⁾,db/GALD,"POST, GET, PUT, DELETE",,Grid Analysis Load,,yes,7,0,0,47,2025-03-07,https://support.midasuser.com/hc/en-us/articles/39236719728281-Grid-Analysis-Load
28,DB,Analysis,/db/ACTL,db/ACTL,"POST, GET, PUT, DELETE",,Main Control Data,,yes,1,0,0,10,2026-09-29,https://support.midasuser.com/hc/en-us/articles/35409287717657-Main-Control-Data
29,DB,Analysis Results,/db/LCOM-GEN,db/LCOM-GEN,"POST, GET, PUT, DELETE",,Load Combinations - General,,yes,1,0,0,11,2026-07-30,https://support.midasuser.com/hc/en-us/articles/35990806887065-Load-Combinations-General
30,DB,Bridge Specialization Results,/db/GSBG,db/GSBG,"POST, GET, PUT, DELETE",,Bridge Girder Diagrams,,yes,2,0,0,13,2026-09-01,https://support.midasuser.com/hc/en-us/articles/35991591178265-Bridge-Girder-Diagrams
31,DB,Time History Analysis Results,/db/THRE,db/THRE,"POST, GET, PUT, DELETE",,Time History Graph - Element Force Smart Graph,,yes,1,0,0,8,2025-11-04,https://support.midasuser.com/hc/en-us/articles/39236753314073-Time-History-Graph-Element-Force-Smart-Graph
32,DB,Heat of Hydration Results,/db/HHND,db/HHND,"POST, GET, PUT, DELETE",,Heat of Hydaration Result Graph,,yes,1,0,0,6,2025-03-07,https://support.midasuser.com/hc/en-us/articles/35992577650841-Heat-of-Hydaration-Result-Graph
33,DB,Pushover,/db/POGD,db/POGD,"POST, GET, PUT, DELETE",,Pushover Analysis Control Data,,yes,1,0,0,87,2026-07-02,https://support.midasuser.com/hc/en-us/articles/35992664632601-Pushover-Analysis-Control-Data
34,DB,Design,/db/DCON,db/DCON,"POST, GET, PUT, DELETE",,RC Design Code,,yes,1,0,0,67,2026-07-02,https://support.midasuser.com/hc/en-us/articles/35993633394969-RC-Design-Code
35,DB,Project,/db/UNIT,db/UNIT,"GET, PUT",,Unit System,,yes,1,0,0,5,2025-02-06,https://support.midasuser.com/hc/en-us/articles/35802155483801-Unit-System
36,DB,View,/db/CO_M,db/CO_M,"GET, PUT",,Material Color,,yes,1,0,0,12,2025-02-06,https://support.midasuser.com/hc/en-us/articles/35805703171353-Material-Color
37,DB,Structure,/db/STOR,db/STOR,"POST, GET, PUT, DELETE",,Story Data,,yes,1,0,0,16,2026-07-01,https://support.midasuser.com/hc/en-us/articles/49513466793113-Story-Data
38,DB,Node/Element,/db/ELEM,db/ELEM,"POST, GET, PUT, DELETE",,Element,,yes,27,0,0,68,2025-11-04,https://support.midasuser.com/hc/en-us/articles/35806934300825-Element
39,DB,Properties,/db/MATL-M1ᴴˢ⁾,db/MATL-M1,"POST, GET, PUT, DELETE",,Material Properties,,yes,3,0,0,33,2026-05-07,https://support.midasuser.com/hc/en-us/articles/56396523438873-Material-Properties
40,DB,Boundary,/db/NSPR,db/NSPR,"POST, GET, PUT, DELETE",,Point Spring,,yes,4,0,0,22,2025-03-06,https://support.midasuser.com/hc/en-us/articles/35945908301081-Point-Spring
41,DB,Static Loads,/db/BODF,db/BODF,"POST, GET, PUT, DELETE",,Self-Weight,,yes,1,0,0,4,2025-03-06,https://support.midasuser.com/hc/en-us/articles/35952708909337-Self-Weight
42,DB,Temperature Loads,/db/GTMP,db/GTMP,"POST, GET, PUT, DELETE",,Temperature Gradient,,yes,2,0,0,13,2025-03-06,https://support.midasuser.com/hc/en-us/articles/35954163821593-Temperature-Gradient
43,DB,Prestress Loads,/db/TDNA,db/TDNA,"POST, GET, PUT, DELETE",,Tendon Profile,,yes,12,0,0,79,2026-09-28,https://support.midasuser.com/hc/en-us/articles/35954555962137-Tendon-Profile
44,DB,Moving Loads,/db/LLAN,db/LLAN,"POST, GET, PUT, DELETE",,Traffic Line Lanes,,yes,13,0,0,43,2025-03-06,https://support.midasuser.com/hc/en-us/articles/35955170613273-Traffic-Line-Lanes
45,DB,Dynamic Loads,/db/SPLC,db/SPLC,"POST, GET, PUT, DELETE",,Response Spectrum Load Cases,,yes,6,0,0,52,2026-09-28,https://support.midasuser.com/hc/en-us/articles/35963719599641-Response-Spectrum-Load-Cases
46,DB,Construction Stage Loads,/db/CSCS,db/CSCS,"POST, GET, PUT, DELETE",,Composite Section for Construction Stage,,yes,1,0,0,21,2025-03-06,https://support.midasuser.com/hc/en-us/articles/35987625234201-Composite-Section-for-Construction-Stage
47,DB,Heat of Hydration Loads,/db/CCFC,db/CCFC,"POST, GET, PUT, DELETE",,Convection Coefficient Functions,,yes,1,0,0,10,2025-03-07,https://support.midasuser.com/hc/en-us/articles/35988168533785-Convection-Coefficient-Functions
48,DB,Settlement Loads,/db/SMLC,db/SMLC,"POST, GET, PUT, DELETE",,Settlement Load Cases,,yes,1,0,0,8,2025-03-07,https://support.midasuser.com/hc/en-us/articles/35988560566425-Settlement-Load-Cases
49,DB,Miscellaneous Loads,/db/LDSQ,db/LDSQ,"POST, GET, PUT, DELETE",,Load Sequence for Nonlinear,,yes,1,0,0,2,2026-09-01,https://support.midasuser.com/hc/en-us/articles/35988663234329-Load-Sequence-for-Nonlinear
50,DB,Analysis,/db/ACTL-M1ᴴˢ⁾,db/ACTL-M1,"GET, PUT, DELETE",,Main Control Data,,yes,1,0,0,29,2026-05-07,https://support.midasuser.com/hc/en-us/articles/56397306107545-Main-Control-Data
51,DB,Analysis Results,/db/LCOM-CONC,db/LCOM-CONC,"POST, GET, PUT, DELETE",,Load Combinations - Concrete Design,,yes,1,0,0,12,2026-07-30,https://support.midasuser.com/hc/en-us/articles/35990864052249-Load-Combinations-Concrete-Design
52,DB,Bridge Specialization Results,/db/GCMB,db/GCMB,"POST, GET, PUT, DELETE",,General Camber Control,,yes,1,0,0,5,2025-03-07,https://support.midasuser.com/hc/en-us/articles/35991765204121-General-Camber-Control
53,DB,Time History Analysis Results,/db/THRG,db/THRG,"POST, GET, PUT, DELETE",,Time History Graph - General Link Smart Graph,,yes,1,0,0,6,2025-03-07,https://support.midasuser.com/hc/en-us/articles/35992341376025-Time-History-Graph-General-Link-Smart-Graph
54,DB,Pushover,/db/POGD-M1ᴴˢ⁾,db/POGD-M1,"GET, PUT, DELETE",,Pushover Global Control,,yes,1,0,0,75,2026-05-07,https://support.midasuser.com/hc/en-us/articles/56511008007705-Pushover-Global-Control
55,DB,Design,/db/MATD,db/MATD,"GET, PUT",,Modify Concrete Materials,,yes,1,0,0,17,2026-09-28,https://support.midasuser.com/hc/en-us/articles/35993732216985-Modify-Concrete-Materials
56,DB,Project,/db/STYP,db/STYP,"GET, PUT",,Structure Type,,yes,2,0,0,13,2025-02-06,https://support.midasuser.com/hc/en-us/articles/35802404495257-Structure-Type
57,DB,View,/db/CO_S,db/CO_S,"GET, PUT",,Section Color,,yes,1,0,0,12,2025-02-06,https://support.midasuser.com/hc/en-us/articles/35805763514393-Section-Color
58,DB,Node/Element,/db/SKEW,db/SKEW,"POST, GET, PUT, DELETE",,Node Local Axis,,yes,4,0,0,36,2025-02-06,https://support.midasuser.com/hc/en-us/articles/35807178748569-Node-Local-Axis
59,DB,Properties,/db/IMFM,db/IMFM,"POST, GET, PUT, DELETE",,Inelastic Material Properties for Fiber Model,,yes,1,0,0,7,2025-02-06,https://support.midasuser.com/hc/en-us/articles/35807475893401-Inelastic-Material-Properties-for-Fiber-Model
60,DB,Boundary,/db/GSTP,db/GSTP,"POST, GET, PUT, DELETE",,Define General Spring Type,,yes,1,0,0,8,2025-03-06,https://support.midasuser.com/hc/en-us/articles/35946004118169-Define-General-Spring-Type
61,DB,Static Loads,/db/CNLD,db/CNLD,"POST, GET, PUT, DELETE",,Nodal Loads,,yes,1,0,0,11,2025-03-06,https://support.midasuser.com/hc/en-us/articles/35952812160281-Nodal-Loads
62,DB,Temperature Loads,/db/BTMP,db/BTMP,"POST, GET, PUT, DELETE",,Beam Section Temperature,,yes,4,0,0,24,2025-11-04,https://support.midasuser.com/hc/en-us/articles/35954186047897-Beam-Section-Temperature
63,DB,Prestress Loads,/db/TDCS,db/TDCS,"POST, GET, PUT, DELETE",,Tendon Location for Composite Section,,yes,1,0,0,4,2025-03-06,https://support.midasuser.com/hc/en-us/articles/35954649371545-Tendon-Location-for-Composite-Section
64,DB,Moving Loads,/db/LLANch,db/LLANch,"POST, GET, PUT, DELETE",,Traffic Line Lanes - China,,yes,1,0,0,18,2025-03-06,https://support.midasuser.com/hc/en-us/articles/35955208713241-Traffic-Line-Lanes-China
65,DB,Dynamic Loads,/db/THGC,db/THGC,"POST, GET, PUT, DELETE",,Time History Global Control,,yes,1,0,0,30,2025-11-04,https://support.midasuser.com/hc/en-us/articles/35963819140505-Time-History-Global-Control
66,DB,Construction Stage Loads,/db/TMLD,db/TMLD,"POST, GET, PUT, DELETE",,Time Loads for Construction Stage,,yes,1,0,0,5,2025-03-06,https://support.midasuser.com/hc/en-us/articles/35987743311385-Time-Loads-for-Construction-Stage
67,DB,Heat of Hydration Loads,/db/HECB,db/HECB,"POST, GET, PUT, DELETE",,Element Convection Boundary,,yes,1,0,0,7,2025-03-07,https://support.midasuser.com/hc/en-us/articles/35988210740761-Element-Convection-Boundary
68,DB,Miscellaneous Loads,/db/WVLD,db/WVLD,"POST, GET, PUT, DELETE",,Wave Loads,,yes,1,0,0,88,2025-03-07,https://support.midasuser.com/hc/en-us/articles/35988728179097-Wave-Loads
69,DB,Analysis,/db/PDEL,db/PDEL,"POST, GET, PUT, DELETE",,P-Delta Analysis Control,,yes,1,0,0,6,2025-03-07,https://support.midasuser.com/hc/en-us/articles/35989163268249-P-Delta-Analysis-Control
70,DB,Analysis Results,/db/LCOM-STEEL,db/LCOM-STEEL,"POST, GET, PUT, DELETE",,Load Combinations - Steel Design,,yes,1,0,0,11,2025-12-01,https://support.midasuser.com/hc/en-us/articles/35990929861913-Load-Combinations-Steel-Design
71,DB,Bridge Specialization Results,/db/CAMB,db/CAMB,"POST, GET, PUT, DELETE",,FCM Camber Control,,yes,1,0,0,4,2025-03-07,https://support.midasuser.com/hc/en-us/articles/35991862460697-FCM-Camber-Control
72,DB,Time History Analysis Results,/db/THRI,db/THRI,"POST, GET, PUT, DELETE",,Time History Graph - Inelastic Hinge Smart Graph,,yes,1,0,0,8,2025-11-04,https://support.midasuser.com/hc/en-us/articles/35992399685017-Time-History-Graph-Inelastic-Hinge-Smart-Graph
73,DB,Pushover,/db/IEPI,db/IEPI,"POST, GET, PUT, DELETE",,Ignore Elements for Pushover Intial Load,,yes,1,0,0,2,2026-07-02,https://support.midasuser.com/hc/en-us/articles/35992797619097-Ignore-Elements-for-Pushover-Intial-Load
74,DB,Design,/db/RCHK,db/RCHK,"POST, GET, PUT, DELETE",,Rebar Input for Checking - Beam/Column,,yes,1,0,0,42,2026-07-02,https://support.midasuser.com/hc/en-us/articles/35993850335897-Rebar-Input-for-Checking-Beam-Column
75,DB,Project,/db/STYP-M1ᴴˢ⁾,db/STYP-M1,"GET, PUT, DELETE",,Structure Type,,yes,2,0,0,13,2026-05-15,https://support.midasuser.com/hc/en-us/articles/56375311138201-Structure-Type
76,DB,View,/db/CO_T,db/CO_T,"GET, PUT",,Thickness Color,,yes,1,0,0,12,2025-02-06,https://support.midasuser.com/hc/en-us/articles/35805833925785-Thickness-Color
77,DB,Node/Element,/db/MADO,db/MADO,"POST, GET, PUT, DELETE",,Define Domain,,yes,1,0,0,6,2025-02-06,https://support.midasuser.com/hc/en-us/articles/35807228332825-Define-Domain
78,DB,Properties,/db/IMFM-M1ᴴˢ⁾,db/IMFM-M1,"POST, GET, PUT, DELETE",,Inelastic Material Link for Auto Generation,,yes,1,0,0,7,2026-05-07,https://support.midasuser.com/hc/en-us/articles/56375076523929-Inelastic-Material-Link-for-Auto-Generation
79,DB,Boundary,/db/GSPR,db/GSPR,"POST, GET, PUT, DELETE",,Assign General Spring Supports,,yes,1,0,0,5,2025-03-06,https://support.midasuser.com/hc/en-us/articles/35946151002393-Assign-General-Spring-Supports
80,DB,Static Loads,/db/BMLD,db/BMLD,"POST, GET, PUT, DELETE",,Beam Loads,,yes,2,0,0,21,2025-03-06,https://support.midasuser.com/hc/en-us/articles/35952826746521-Beam-Loads
81,DB,Temperature Loads,/db/STMP,db/STMP,"POST, GET, PUT, DELETE",,System Temperature,,yes,1,0,0,4,2025-03-06,https://support.midasuser.com/hc/en-us/articles/35954219102233-System-Temperature
82,DB,Prestress Loads,/db/TDPL,db/TDPL,"POST, GET, PUT, DELETE",,Tendon Prestress,,yes,1,0,0,11,2025-03-06,https://support.midasuser.com/hc/en-us/articles/35954702397209-Tendon-Prestress
83,DB,Moving Loads,/db/LLANid,db/LLANid,"POST, GET, PUT, DELETE",,Traffic Line Lanes - India,,yes,1,0,0,18,2025-03-06,https://support.midasuser.com/hc/en-us/articles/35955251576089-Traffic-Line-Lanes-India
84,DB,Dynamic Loads,/db/THGC-M1ᴴˢ⁾,db/THGC-M1,"GET, PUT, DELETE",,Time History Global Control,,yes,1,0,0,53,2026-05-07,https://support.midasuser.com/hc/en-us/articles/56510942223513-Time-History-Global-Control
85,DB,Construction Stage Loads,/db/STBK,db/STBK,"POST, GET, PUT, DELETE",,Set-Back Loads for Nonlinear Construction Stage,,yes,1,0,0,8,2025-03-06,https://support.midasuser.com/hc/en-us/articles/35987833076505-Set-Back-Loads-for-Nonlinear-Construction-Stage
86,DB,Heat of Hydration Loads,/db/HSPT,db/HSPT,"POST, GET, PUT, DELETE",,Prescribed Temperature,,yes,1,0,0,5,2025-03-07,https://support.midasuser.com/hc/en-us/articles/35988262538521-Prescribed-Temperature
87,DB,Miscellaneous Loads,/db/IELC,db/IELC,"POST, GET, PUT, DELETE",,Ignore Elements for Load Cases,,yes,1,0,0,4,2025-03-07,https://support.midasuser.com/hc/en-us/articles/35988790960921-Ignore-Elements-for-Load-Cases
88,DB,Analysis,/db/BUCK,db/BUCK,"POST, GET, PUT, DELETE",,Buckling Analysis Control,,yes,1,0,0,11,2025-03-07,https://support.midasuser.com/hc/en-us/articles/35989190592537-Buckling-Analysis-Control
89,DB,Analysis Results,/db/LCOM-SRC,db/LCOM-SRC,"POST, GET, PUT, DELETE",,Load Combinations - SRC Design,,yes,1,0,0,11,2026-07-30,https://support.midasuser.com/hc/en-us/articles/35991038731161-Load-Combinations-SRC-Design
90,DB,Bridge Specialization Results,/db/ULFC,db/ULFC,"POST, GET, PUT, DELETE",,Cable Control - Unknown Load Factor Constraints,,yes,1,0,0,16,2025-03-07,https://support.midasuser.com/hc/en-us/articles/35991960319897-Cable-Control-Unknown-Load-Factor-Constraints
91,DB,Time History Analysis Results,/db/THRS,db/THRS,"POST, GET, PUT, DELETE",,Time History Graph - Seismic Devices Smart Graph,,yes,1,0,0,5,2025-03-07,https://support.midasuser.com/hc/en-us/articles/35992460196121-Time-History-Graph-Seismic-Devices-Smart-Graph
92,DB,Pushover,/db/PHGE,db/PHGE,"POST, GET, PUT, DELETE",,Assign Pushover Hinge Properties,,yes,1,0,0,5,2026-07-02,https://support.midasuser.com/hc/en-us/articles/35992838417049-Assign-Pushover-Hinge-Properties
93,DB,Design,/db/LENG,db/LENG,"POST, GET, PUT, DELETE",,Unbraced Length,,yes,1,0,0,7,2026-07-02,https://support.midasuser.com/hc/en-us/articles/49513511154329-Unbraced-Length
94,DB,Project,/db/GRUP,db/GRUP,"POST, GET, PUT",,Structure Group,,yes,1,0,0,5,2025-11-04,https://support.midasuser.com/hc/en-us/articles/35802441712921-Structure-Group
95,DB,View,/db/CO_F,db/CO_F,"GET, PUT",,Floor Load Color,,yes,1,0,0,13,2025-09-17,https://support.midasuser.com/hc/en-us/articles/35805846236441-Floor-Load-Color
96,DB,Node/Element,/db/SBDO,db/SBDO,"POST, GET, PUT, DELETE",,Define Sub-Domain,,yes,2,0,0,25,2025-11-04,https://support.midasuser.com/hc/en-us/articles/35807304820761-Define-Sub-Domain
97,DB,Properties,/db/TDMF,db/TDMF,"POST, GET, PUT, DELETE",,Time Dependent Material Properties - User Defined,,yes,3,0,0,12,2025-02-06,https://support.midasuser.com/hc/en-us/articles/35807665049369-Time-Dependent-Material-Properties-User-Defined
98,DB,Boundary,/db/SSPS,db/SSPS,"POST, GET, PUT, DELETE",,Surface Spring,,yes,3,0,0,9,2025-03-31,https://support.midasuser.com/hc/en-us/articles/35946218805785-Surface-Spring
99,DB,Static Loads,/db/SDSP,db/SDSP,"POST, GET, PUT, DELETE",,Specified Displacements of Support,,yes,1,0,0,8,2025-03-06,https://support.midasuser.com/hc/en-us/articles/35952933108761-Specified-Displacements-of-Support
100,DB,Temperature Loads,/db/NTMP,db/NTMP,"POST, GET, PUT, DELETE",,Nodal Temperature,,yes,1,0,0,6,2025-03-06,https://support.midasuser.com/hc/en-us/articles/35954302641177-Nodal-Temperature
101,DB,Prestress Loads,/db/PRST,db/PRST,"POST, GET, PUT, DELETE",,Prestress Beam Loads,,yes,1,0,0,10,2025-03-06,https://support.midasuser.com/hc/en-us/articles/35954744402713-Prestress-Beam-Loads
102,DB,Moving Loads,/db/LLANtr,db/LLANtr,"POST, GET, PUT, DELETE",,Traffic Line Lanes - Transverse,,yes,1,0,0,5,2025-03-06,https://support.midasuser.com/hc/en-us/articles/35955355080217-Traffic-Line-Lanes-Transverse
103,DB,Dynamic Loads,/db/THOO-M1ᴴˢ⁾,db/THOO-M1,"GET, PUT, DELETE",,Time History Output Option,,yes,1,0,0,11,2026-05-15,https://support.midasuser.com/hc/en-us/articles/56371398681241-Time-History-Output-Option
104,DB,Construction Stage Loads,/db/CMCS,db/CMCS,"POST, GET, PUT, DELETE",,Camber for Construction Stage,,yes,1,0,0,3,2025-03-06,https://support.midasuser.com/hc/en-us/articles/35987807611161-Camber-for-Construction-Stage
105,DB,Heat of Hydration Loads,/db/HSFC,db/HSFC,"POST, GET, PUT, DELETE",,Heat Source Functions,,yes,1,0,0,20,2025-03-07,https://support.midasuser.com/hc/en-us/articles/35988291377305-Heat-Source-Functions
106,DB,Miscellaneous Loads,/db/IFGS,db/IFGS,"POST, GET, PUT",,Large Displacement - Initial Forces for Geometric Stiffness,,yes,1,0,0,3,2025-03-07,https://support.midasuser.com/hc/en-us/articles/35988857497113-Large-Displacement-Initial-Forces-for-Geometric-Stiffness
107,DB,Analysis,/db/EIGV,db/EIGV,"POST, GET, PUT, DELETE",,Eigenvalue Analysis Control,,yes,3,0,0,20,2026-07-07,https://support.midasuser.com/hc/en-us/articles/35989224565273-Eigenvalue-Analysis-Control
108,DB,Analysis Results,/db/LCOM-STLCOMP,db/LCOM-STLCOMP,"POST, GET, PUT, DELETE",,Load Combinations - Composite Steel Girder Design,,yes,1,0,0,11,2026-07-30,https://support.midasuser.com/hc/en-us/articles/35991080923033-Load-Combinations-Composite-Steel-Girder-Design
109,DB,Pushover,/db/POLC,db/POLC,"POST, GET, PUT, DELETE",,Pushover Load Cases,,yes,1,0,0,39,2026-07-02,https://support.midasuser.com/hc/en-us/articles/35993449470489-Pushover-Load-Cases
110,DB,Design,/db/MEMB,db/MEMB,"POST, GET, PUT, DELETE",,Member Assignment,,yes,1,0,0,3,2026-07-02,https://support.midasuser.com/hc/en-us/articles/49513603328793-Member-Assignment
111,DB,Project,/db/BNGR,db/BNGR,"POST, GET, PUT",,Boundary Group,,yes,1,0,0,3,2025-02-06,https://support.midasuser.com/hc/en-us/articles/35804937452313-Boundary-Group
112,DB,Node/Element,/db/DOEL,db/DOEL,"POST, GET, PUT, DELETE",,Domain-Element,,yes,1,0,0,4,2025-02-06,https://support.midasuser.com/hc/en-us/articles/35807341514393-Domain-Element
113,DB,Properties,/db/TDMT,db/TDMT,"POST, GET, PUT, DELETE",,Time Dependent Material Properties - Creep/Shrinkage,,yes,14,0,0,175,2025-09-17,https://support.midasuser.com/hc/en-us/articles/35808006330009-Time-Dependent-Material-Properties-Creep-Shrinkage
114,DB,Boundary,/db/ELNK,db/ELNK,"POST, GET, PUT, DELETE",,Elastic Link,,yes,7,0,0,27,2025-11-04,https://support.midasuser.com/hc/en-us/articles/35946439146649-Elastic-Link
115,DB,Static Loads,/db/NMAS,db/NMAS,"POST, GET, PUT, DELETE",,Nodal Masses,,yes,1,0,0,7,2025-03-06,https://support.midasuser.com/hc/en-us/articles/35952994344985-Nodal-Masses
116,DB,Prestress Loads,/db/PTNS,db/PTNS,"POST, GET, PUT, DELETE",,Pretension Loads,,yes,1,0,0,6,2025-03-06,https://support.midasuser.com/hc/en-us/articles/35954793469593-Pretension-Loads
117,DB,Moving Loads,/db/LLANop,db/LLANop,"POST, GET, PUT, DELETE",,Traffic Line Lanes - Moving Load Optimizaion,,yes,11,0,0,39,2025-03-06,https://support.midasuser.com/hc/en-us/articles/35955410961689-Traffic-Line-Lanes-Moving-Load-Optimizaion
118,DB,Dynamic Loads,/db/THIS,db/THIS,"POST, GET, PUT, DELETE",,Time History Load Cases,,yes,6,0,0,114,2025-08-20,https://support.midasuser.com/hc/en-us/articles/35963903917593-Time-History-Load-Cases
119,DB,Construction Stage Loads,/db/CRPC,db/CRPC,"POST, GET, PUT, DELETE",,Creep Coefficient for Construction Stage,,yes,1,0,0,5,2025-03-06,https://support.midasuser.com/hc/en-us/articles/35987878971545-Creep-Coefficient-for-Construction-Stage
120,DB,Heat of Hydration Loads,/db/HAHS,db/HAHS,"POST, GET, PUT, DELETE",,Assign Heat Source,,yes,1,0,0,2,2025-03-07,https://support.midasuser.com/hc/en-us/articles/35988378892441-Assign-Heat-Source
121,DB,Miscellaneous Loads,/db/EFCT,db/EFCT,"POST, GET, PUT, DELETE",,Small Displacement - Initial Force Control Data,,yes,1,0,0,8,2025-03-07,https://support.midasuser.com/hc/en-us/articles/35988927684633-Small-Displacement-Initial-Force-Control-Data
122,DB,Analysis,/db/EIGV-M1ᴴˢ⁾,db/EIGV-M1,"GET, PUT, DELETE",,Eigenvalue Analysis Control,,yes,2,0,0,17,2026-05-07,https://support.midasuser.com/hc/en-us/articles/56375983487385-Eigenvalue-Analysis-Control
123,DB,Analysis Results,/db/LCOM-SEISMIC,db/LCOM-SEISMIC,"POST, GET, PUT, DELETE",,Load Combinations - Seismic Design,,yes,1,0,0,11,2026-07-30,https://support.midasuser.com/hc/en-us/articles/35991142266265-Load-Combinations-Seismic-Design
124,DB,Pushover,/db/POLC-M1ᴴˢ⁾,db/POLC-M1,"POST, GET, PUT, DELETE",,Pushover Load Case,,yes,2,0,0,37,2026-05-07,https://support.midasuser.com/hc/en-us/articles/56506753403673-Pushover-Load-Case
125,DB,Design,/db/DCTL,db/DCTL,"POST, GET, PUT, DELETE",,Definition of Frame,,yes,1,0,0,5,2026-07-02,https://support.midasuser.com/hc/en-us/articles/49513652948377-Definition-of-Frame
126,DB,Project,/db/LDGR,db/LDGR,"POST, GET, PUT, DELETE",,Load Group,,yes,1,0,0,2,2025-02-06,https://support.midasuser.com/hc/en-us/articles/35804975346841-Load-Group
127,DB,Properties,/db/TDME,db/TDME,"POST, GET, PUT, DELETE",,Time Dependent Material Properties - Compressive Strength,,yes,21,0,0,98,2025-08-12,https://support.midasuser.com/hc/en-us/articles/35808102389401-Time-Dependent-Material-Properties-Compressive-Strength
128,DB,Boundary,/db/RIGD,db/RIGD,"POST, GET, PUT, DELETE",,Rigid Link,,yes,1,0,0,6,2025-03-06,https://support.midasuser.com/hc/en-us/articles/35946584247193-Rigid-Link
129,DB,Static Loads,/db/LTOM,db/LTOM,"POST, GET, PUT, DELETE",,Loads to Masses,,yes,1,0,0,10,2025-03-06,https://support.midasuser.com/hc/en-us/articles/35953062761881-Loads-to-Masses
130,DB,Prestress Loads,/db/EXLD,db/EXLD,"POST, GET, PUT, DELETE",,External Type Load Case for Pretension,,yes,1,0,0,2,2025-03-06,https://support.midasuser.com/hc/en-us/articles/35954841849753-External-Type-Load-Case-for-Pretension
131,DB,Moving Loads,/db/SLAN,db/SLAN,"POST, GET, PUT, DELETE",,Traffic Surface Lanes,,yes,14,0,0,38,2025-03-06,https://support.midasuser.com/hc/en-us/articles/35956862556313-Traffic-Surface-Lanes
132,DB,Dynamic Loads,/db/THIS-M1ᴴˢ⁾,db/THIS-M1,"POST, GET, PUT, DELETE",,Time History Load Cases,,yes,6,0,0,204,2026-05-15,https://support.midasuser.com/hc/en-us/articles/56538335819673-Time-History-Load-Cases
133,DB,Heat of Hydration Loads,/db/HPCE,db/HPCE,"POST, GET, PUT, DELETE",,Pipe Cooling,,yes,1,0,0,11,2025-03-07,https://support.midasuser.com/hc/en-us/articles/35988420776345-Pipe-Cooling
134,DB,Miscellaneous Loads,/db/INMF,db/INMF,"POST, GET, PUT, DELETE",,Small Displacement - Initial Element Force,,yes,1,0,0,4,2026-09-01,https://support.midasuser.com/hc/en-us/articles/35988975670937-Small-Displacement-Initial-Element-Force
135,DB,Analysis,/db/HHCT,db/HHCT,"POST, GET, PUT, DELETE",,Heat of Hydration Analysis Control,,yes,2,0,0,23,2025-03-07,https://support.midasuser.com/hc/en-us/articles/35989317531417-Heat-of-Hydration-Analysis-Control
136,DB,Analysis Results,/db/CUTL,db/CUTL,"POST, GET, PUT, DELETE",,Cutting Line,,yes,1,0,0,13,2025-03-07,https://support.midasuser.com/hc/en-us/articles/35991257189017-Cutting-Line
137,DB,Design,/db/LTSR,db/LTSR,"POST, GET, PUT, DELETE",,Limiting Slenderness Ratio,,yes,1,0,0,4,2026-07-02,https://support.midasuser.com/hc/en-us/articles/49513681377689-Limiting-Slenderness-Ratio
138,DB,Project,/db/TDGR,db/TDGR,"POST, GET, PUT, DELETE",,Tendon Group,,yes,1,0,0,2,2025-02-06,https://support.midasuser.com/hc/en-us/articles/35805198736793-Tendon-Group
139,DB,Properties,/db/EDMP,db/EDMP,"POST, GET, PUT, DELETE",,Change Property,,yes,2,0,0,3,2025-02-06,https://support.midasuser.com/hc/en-us/articles/35808245801881-Change-Property
140,DB,Boundary,/db/NLLP,db/NLLP,"POST, GET, PUT, DELETE",,General Link Properties,,yes,3,0,0,106,2026-02-23,https://support.midasuser.com/hc/en-us/articles/35946764618905-General-Link-Properties
141,DB,Static Loads,/db/NBOF,db/NBOF,"POST, GET, PUT, DELETE",,Nodal Body Force,,yes,2,0,0,13,2025-03-06,https://support.midasuser.com/hc/en-us/articles/35953117115545-Nodal-Body-Force
142,DB,Moving Loads,/db/SLANch,db/SLANch,"POST, GET, PUT, DELETE",,Traffic Surface Lanes - China,,yes,1,0,0,14,2025-03-06,https://support.midasuser.com/hc/en-us/articles/35956917206425-Traffic-Surface-Lanes-China
143,DB,Dynamic Loads,/db/THFC,db/THFC,"POST, GET, PUT, DELETE",,Time History Functions,,yes,2,0,0,19,2025-03-06,https://support.midasuser.com/hc/en-us/articles/35964507702937-Time-History-Functions
144,DB,Heat of Hydration Loads,/db/HSTG,db/HSTG,"POST, GET, PUT, DELETE",,Define Construction Stage for Hydration,,yes,1,0,0,14,2025-03-07,https://support.midasuser.com/hc/en-us/articles/35988442589465-Define-Construction-Stage-for-Hydration
145,DB,Analysis,db/HHCT-M1ᴴˢ⁾,db/HHCT-M1,"GET, PUT, DELETE",,Heat of Hydration Analysis Control,,yes,1,0,0,34,2026-05-07,https://support.midasuser.com/hc/en-us/articles/56399833703193-Heat-of-Hydration-Analysis-Control
146,DB,Analysis Results,/db/CLWP,db/CLWP,"POST, GET, PUT, DELETE",,Plate Cutting Line Diagram,,yes,1,0,0,15,2025-03-07,https://support.midasuser.com/hc/en-us/articles/35991500289561-Plate-Cutting-Line-Diagram
147,DB,Design,/db/ULCT,db/LTSR,"POST, GET, PUT, DELETE",,Underground Load Combination Type,,yes,1,0,0,2,2026-07-02,https://support.midasuser.com/hc/en-us/articles/49513792356505-Underground-Load-Combination-Type
148,DB,Properties,/db/TMAT,db/TMAT,"POST, GET, PUT, DELETE",,Time Dependent Material Link,,yes,1,0,0,3,2025-02-06,https://support.midasuser.com/hc/en-us/articles/35808280891033-Time-Dependent-Material-Link
149,DB,Boundary,/db/NLNK,db/NLNK,"POST, GET, PUT, DELETE",,General Link,,yes,4,0,0,21,2025-03-06,https://support.midasuser.com/hc/en-us/articles/35946942651289-General-Link
150,DB,Static Loads,/db/PSLT,db/PSLT,"POST, GET, PUT, DELETE",,Define Pressure Load Type,,yes,6,0,0,24,2025-11-04,https://support.midasuser.com/hc/en-us/articles/35953165879833-Define-Pressure-Load-Type
151,DB,Moving Loads,/db/SLANop,db/SLANop,"POST, GET, PUT, DELETE",,Traffic Surface Lanes - Moving Load Optimization,,yes,11,0,0,37,2025-12-22,https://support.midasuser.com/hc/en-us/articles/35956982840473-Traffic-Surface-Lanes-Moving-Load-Optimization
152,DB,Dynamic Loads,/db/THGA,db/THGA,"POST, GET, PUT, DELETE",,Ground Acceleration,,yes,1,0,0,12,2025-03-06,https://support.midasuser.com/hc/en-us/articles/35964590740633-Ground-Acceleration
153,DB,Analysis,/db/MVCT,db/MVCT,"POST, GET, PUT, DELETE",,Moving Load Analysis Control,,yes,2,0,0,53,2025-08-13,https://support.midasuser.com/hc/en-us/articles/35989483364633-Moving-Load-Analysis-Control
154,DB,Design,/db/MBTP,db/MBTP,"POST, GET, PUT, DELETE",,Modify Member Type,,yes,1,0,0,2,2026-07-02,https://support.midasuser.com/hc/en-us/articles/49513816193689-Modify-Member-Type
155,DB,Properties,/db/EPMT,db/EPMT,"POST, GET, PUT, DELETE",,Plastic Material,,yes,6,0,0,76,2025-02-06,https://support.midasuser.com/hc/en-us/articles/35808376517913-Plastic-Material
156,DB,Boundary,/db/NLNK-M1ᴴˢ⁾,db/NLNK-M1,"POST, GET, PUT, DELETE",,General Link,,yes,2,0,0,19,2026-05-07,https://support.midasuser.com/hc/en-us/articles/56511465190937-General-Link
157,DB,Static Loads,/db/PRES,db/PRES,"POST, GET, PUT, DELETE",,Assign Pressure Loads,,yes,12,0,0,21,2025-11-04,https://support.midasuser.com/hc/en-us/articles/35953322434457-Assign-Pressure-Loads
158,DB,Moving Loads,/db/MVHL,db/MVHL,"POST, GET, PUT, DELETE",,Vehicles - AASHTO Standard,,yes,2,0,0,34,2025-11-04,https://support.midasuser.com/hc/en-us/articles/35957125531545-Vehicles-AASHTO-Standard
159,DB,Dynamic Loads,/db/THNL,db/THNL,"POST, GET, PUT, DELETE",,Dynamic Nodal Loads,,yes,1,0,0,8,2025-03-06,https://support.midasuser.com/hc/en-us/articles/35964586306841-Dynamic-Nodal-Loads
160,DB,Analysis,/db/MVCTch,db/MVCTch,"POST, GET, PUT, DELETE",,Moving Load Analysis Control - China,,yes,1,0,0,155,2025-08-13,https://support.midasuser.com/hc/en-us/articles/35989644995609-Moving-Load-Analysis-Control-China
161,DB,Design,/db/WMAK,db/WMAK,"POST, GET, PUT, DELETE",,Modify Wall Mark Design,,yes,1,0,0,3,2026-07-02,https://support.midasuser.com/hc/en-us/articles/49513846785817-Modify-Wall-Mark-Design
162,DB,Properties,/db/EPMT-M1ᴴˢ⁾,db/EPMT-M1,"POST, GET, PUT, DELETE",,Plastic Material,,yes,4,0,0,85,2026-05-15,https://support.midasuser.com/hc/en-us/articles/56511025581337-Plastic-Material
163,DB,Boundary,/db/CGLP,db/CGLP,"POST, GET, PUT, DELETE",,Change General Link Property,,yes,1,0,0,4,2025-03-06,https://support.midasuser.com/hc/en-us/articles/35947087784217-Change-General-Link-Property
164,DB,Static Loads,/db/PNLD,db/PNLD,"POST, GET, PUT, DELETE",,Define Plane Load Type,,yes,7,0,0,25,2025-03-06,https://support.midasuser.com/hc/en-us/articles/35953492119321-Define-Plane-Load-Type
165,DB,Moving Loads,/db/MVHLtr,db/MVHLtr,"POST, GET, PUT, DELETE",,Vehicles - Transverse,,yes,1,0,0,13,2025-03-07,https://support.midasuser.com/hc/en-us/articles/35958910039321-Vehicles-Transverse
166,DB,Dynamic Loads,/db/THSL,db/THSL,"POST, GET, PUT, DELETE",,Time Varying Static Loads,,yes,1,0,0,6,2025-03-06,https://support.midasuser.com/hc/en-us/articles/35964656837785-Time-Varying-Static-Loads
167,DB,Analysis,/db/MVCTid,db/MVCTid,"POST, GET, PUT, DELETE",,Moving Load Analysis Control - India,,yes,1,0,0,34,2025-08-13,https://support.midasuser.com/hc/en-us/articles/35989643553305-Moving-Load-Analysis-Control-India
168,DB,Design,/db/DSTL,db/DSTL,"POST, GET, PUT, DELETE",,Steel Design Code,,yes,1,0,0,69,2026-07-21,https://support.midasuser.com/hc/en-us/articles/52149417728665-Design-Steel-Code
169,DB,Properties,/db/SECT,db/SECT,"POST, GET, PUT, DELETE",,Section Properties - Common,,yes,9,0,0,109,2025-11-04,https://support.midasuser.com/hc/en-us/articles/35808653964185-Section-Properties-Common
170,DB,Boundary,/db/FRLS,db/FRLS,"POST, GET, PUT, DELETE",,Beam End Release,,yes,1,0,0,9,2025-11-04,https://support.midasuser.com/hc/en-us/articles/35947184258585-Beam-End-Release
171,DB,Static Loads,/db/PNLA,db/PNLA,"POST, GET, PUT, DELETE",,Assign Plane Loads,,yes,5,0,0,20,2026-09-28,https://support.midasuser.com/hc/en-us/articles/35953557411993-Assign-Plane-Loads
172,DB,Moving Loads,/db/MVLD,db/MVLD,"POST, GET, PUT, DELETE",,Moving Load Cases,,yes,9,0,0,96,2025-11-04,https://support.midasuser.com/hc/en-us/articles/35959068573209-Moving-Load-Cases
173,DB,Dynamic Loads,/db/THMS,db/THMS,"POST, GET, PUT, DELETE",,Multiple Support Excitation,,yes,1,0,0,14,2025-03-06,https://support.midasuser.com/hc/en-us/articles/35964708397081-Multiple-Support-Excitation
174,DB,Analysis,/db/MVCTbs,db/MVCTbs,"POST, GET, PUT, DELETE",,Moving Load Analysis Control - BS,,yes,1,0,0,29,2025-08-13,https://support.midasuser.com/hc/en-us/articles/35989838706969-Moving-Load-Analysis-Control-BS
175,DB,Properties,/db/THIK,db/THIK,"POST, GET, PUT, DELETE",,Thickness - Value,,yes,4,0,0,8,2025-03-05,https://support.midasuser.com/hc/en-us/articles/35942236652697-Thickness-Value
176,DB,Boundary,/db/OFFS,db/OFFS,"POST, GET, PUT, DELETE",,Beam End Offsets,,yes,2,0,0,17,2025-03-06,https://support.midasuser.com/hc/en-us/articles/35947465569049-Beam-End-Offsets
177,DB,Static Loads,/db/FBLD,db/FBLD,"POST, GET, PUT, DELETE",,Define Floor Load Type,,yes,1,0,0,7,2025-03-06,https://support.midasuser.com/hc/en-us/articles/35953604106137-Define-Floor-Load-Type
178,DB,Moving Loads,/db/MVLDch,db/MVLDch,"POST, GET, PUT, DELETE",,Moving Load Cases - China,,yes,1,0,0,26,2025-08-29,https://support.midasuser.com/hc/en-us/articles/35960417354649-Moving-Load-Cases-China
179,DB,Analysis,/db/MVCTtr,db/MVCTtr,"POST, GET, PUT, DELETE",,Moving Load Analysis Control - Transverse,,yes,1,0,0,10,2026-09-01,https://support.midasuser.com/hc/en-us/articles/35989924517401-Moving-Load-Analysis-Control-Transverse
180,DB,Properties,/db/TSGR,db/TSGR,"POST, GET, PUT, DELETE",,Tapered Group,,yes,1,0,0,12,2025-03-05,https://support.midasuser.com/hc/en-us/articles/35942955627673-Tapered-Group
181,DB,Boundary,/db/PRLS,db/PRLS,"POST, GET, PUT, DELETE",,Plate End Release,,yes,1,0,0,8,2025-03-06,https://support.midasuser.com/hc/en-us/articles/35947668757017-Plate-End-Release
182,DB,Static Loads,/db/FBLA,db/FBLA,"POST, GET, PUT, DELETE",,Assign Floor Loads,,yes,4,0,0,17,2025-03-06,https://support.midasuser.com/hc/en-us/articles/35953653792665-Assign-Floor-Loads
183,DB,Moving Loads,/db/MVLDid,db/MVLDid,"POST, GET, PUT, DELETE",,Moving Load Cases - India,,yes,1,0,0,30,2025-08-29,https://support.midasuser.com/hc/en-us/articles/35961164029593-Moving-Load-Cases-India
184,DB,Analysis,/db/SMCT,db/SMCT,"POST, GET, PUT, DELETE",,Settlement Analysis Control Data,,yes,1,0,0,3,2025-03-07,https://support.midasuser.com/hc/en-us/articles/35990184995481-Settlement-Analysis-Control-Data
185,DB,Properties,/db/SECF,db/SECF,"POST, GET, PUT, DELETE",,Section Manager - Stiffness,,yes,2,0,0,24,2025-03-05,https://support.midasuser.com/hc/en-us/articles/35943174833177-Section-Manager-Stiffness
186,DB,Boundary,/db/MLFC,db/MLFC,"POST, GET, PUT, DELETE",,Force-Deformation Function,,yes,2,0,0,8,2025-03-06,https://support.midasuser.com/hc/en-us/articles/35947795463705-Force-Deformation-Function
187,DB,Static Loads,/db/FMLD,db/FMLD,"POST, GET, PUT, DELETE",,Finishing Material Loads,,yes,1,0,0,11,2025-03-06,https://support.midasuser.com/hc/en-us/articles/35953690148121-Finishing-Material-Loads
188,DB,Moving Loads,/db/MVLDbs,db/MVLDbs,"POST, GET, PUT, DELETE",,Moving Load Cases - BS,,yes,1,0,0,62,2025-08-29,https://support.midasuser.com/hc/en-us/articles/35961459443737-Moving-Load-Cases-BS
189,DB,Analysis,/db/NLCT,db/NLCT,"POST, GET, PUT, DELETE",,Nonlinear Analysis Control Data,,yes,3,0,0,60,2025-03-07,https://support.midasuser.com/hc/en-us/articles/35990229420441-Nonlinear-Analysis-Control-Data
190,DB,Properties,/db/RPSC,db/RPSC,"POST, GET, PUT, DELETE",,Section Manager - Reinforcements,,yes,2,0,0,35,2026-01-12,https://support.midasuser.com/hc/en-us/articles/35943227821465-Section-Manager-Reinforcements
191,DB,Boundary,/db/SDVI,db/SDVI,"POST, GET, PUT, DELETE",,Seismic Device - Viscous Damper/Oil Damper,,yes,1,0,0,26,2025-03-06,https://support.midasuser.com/hc/en-us/articles/35947995586713-Seismic-Device-Viscous-Damper-Oil-Damper
192,DB,Static Loads,/db/POSP,db/POSP,"POST, GET, PUT, DELETE",,Parameter of Soil Properties,,yes,1,0,0,14,2026-07-02,https://support.midasuser.com/hc/en-us/articles/49510865840537-Parameter-of-Soil-Properties
193,DB,Moving Loads,/db/MVLDeu,db/MVLDeu,"POST, GET, PUT, DELETE",,Moving Load Cases - Eurocode,,yes,1,0,0,75,2026-07-06,https://support.midasuser.com/hc/en-us/articles/35961579883929-Moving-Load-Cases-Eurocode
194,DB,Analysis,/db/NLCT-M1ᴴˢ⁾,db/NLCT-M1,"GET, PUT, DELETE",,Nonlinear Analysis Control,,yes,3,0,0,66,2026-05-07,https://support.midasuser.com/hc/en-us/articles/56506850582425-Nonlinear-Analysis-Control
195,DB,Properties,/db/STRPSSM,db/STRPSSM,"POST, GET, PUT, DELETE",,Section Manager - Stress Points,,yes,1,0,0,10,2025-03-05,https://support.midasuser.com/hc/en-us/articles/35943448721177-Section-Manager-Stress-Points
196,DB,Boundary,/db/SDVE,db/SDVE,"POST, GET, PUT, DELETE",,Seismic Device - Viscoelastic Damper,,yes,1,0,0,24,2025-03-06,https://support.midasuser.com/hc/en-us/articles/35948062417049-Seismic-Device-Viscoelastic-Damper
197,DB,Static Loads,/db/EPST,db/EPST,"POST, GET, PUT, DELETE",,Static Earth Pressure,,yes,1,0,0,38,2026-07-02,https://support.midasuser.com/hc/en-us/articles/49511059178521-Static-Earth-Pressure
198,DB,Moving Loads,/db/MVLDpl,db/MVLDpl,"POST, GET, PUT, DELETE",,Moving Load Cases - Poland,,yes,1,0,0,44,2025-08-29,https://support.midasuser.com/hc/en-us/articles/35961922701209-Moving-Load-Cases-Poland
199,DB,Analysis,/db/STCT,db/STCT,"POST, GET, PUT, DELETE",,Construction Stage Analysis Control Data,,yes,5,0,0,149,2025-09-17,https://support.midasuser.com/hc/en-us/articles/35990281053465-Construction-Stage-Analysis-Control-Data
200,DB,Properties,/db/PSSF,db/PSSF,"POST, GET, PUT, DELETE",,Section Manager - Plate Stiffness Scale Factor,,yes,1,0,0,12,2025-03-05,https://support.midasuser.com/hc/en-us/articles/35943557337753-Section-Manager-Plate-Stiffness-Scale-Factor
201,DB,Boundary,/db/SDST,db/SDST,"POST, GET, PUT, DELETE",,Seismic Device - Steel Damper,,yes,1,0,0,26,2025-03-06,https://support.midasuser.com/hc/en-us/articles/35948150053529-Seismic-Device-Steel-Damper
202,DB,Static Loads,/db/EPSE,db/EPSE,"POST, GET, PUT, DELETE",,Seismic Earth Pressure,,yes,1,0,0,22,2026-07-02,https://support.midasuser.com/hc/en-us/articles/49511153905177-Seismic-Earth-Pressure
203,DB,Moving Loads,/db/MVLDtr,db/MVLDtr,"POST, GET, PUT, DELETE",,Moving Load Cases - Transverse,,yes,1,0,0,8,2025-08-29,https://support.midasuser.com/hc/en-us/articles/35961950207129-Moving-Load-Cases-Transverse
204,DB,Analysis,/db/STCT-M1ᴴˢ⁾,db/STCT-M1,"GET, PUT, DELETE",,Construction Stage Analysis Control Data,,yes,1,0,0,114,2026-05-07,https://support.midasuser.com/hc/en-us/articles/57053813627673-Construction-Stage-Analysis-Control-Data
205,DB,Properties,/db/VBEM,db/VBEM,"POST, GET, PUT, DELETE",,Section Manager - Section for Resultant Forces - Virtual Beam,,yes,1,0,0,3,2025-03-05,https://support.midasuser.com/hc/en-us/articles/35943802727065-Section-Manager-Section-for-Resultant-Forces-Virtual-Beam
206,DB,Boundary,/db/SDHY,db/SDHY,"POST, GET, PUT, DELETE",,Seismic Device - Hysteretic Isolator(MSS),,yes,1,0,0,19,2025-03-06,https://support.midasuser.com/hc/en-us/articles/35948292269977-Seismic-Device-Hysteretic-Isolator-MSS
207,DB,Static Loads,/db/POSL,db/POSL,"POST, GET, PUT, DELETE",,Parameter of Seismic Loads,,yes,1,0,0,14,2026-07-02,https://support.midasuser.com/hc/en-us/articles/49511410691609-Parameter-of-Seismic-Loads
208,DB,Moving Loads,/db/CRGR,db/CRGR,"POST, GET, PUT, DELETE",,Concurrent Reaction Group,,yes,1,0,0,2,2025-03-07,https://support.midasuser.com/hc/en-us/articles/35962261902745-Concurrent-Reaction-Group
209,DB,Analysis,/db/BCCT,db/BCCT,"POST, GET, PUT, DELETE",,Boundary Change Assignment,,yes,1,0,0,18,2025-11-04,https://support.midasuser.com/hc/en-us/articles/35736960800281-Boundary-Change-Assignment
210,DB,Properties,/db/VSEC,db/VSEC,"POST, GET, PUT, DELETE",,Section Manager - Section for Resultant Forces - Virtual Section,,yes,1,0,0,11,2025-03-05,https://support.midasuser.com/hc/en-us/articles/35943859944729-Section-Manager-Section-for-Resultant-Forces-Virtual-Section
211,DB,Boundary,/db/SDIS,db/SDIS,"POST, GET, PUT, DELETE",,Seismic Device - Isolator(MSS),,yes,1,0,0,40,2025-03-06,https://support.midasuser.com/hc/en-us/articles/35948330042649-Seismic-Device-Isolator-MSS
212,DB,Static Loads,/db/SWIND,DB/SWIND,,,Static Wind Load - KDS(41-12:2022),,yes,3,0,0,61,2026-08-07,https://support.midasuser.com/hc/en-us/articles/58908673370521-Static-Wind-Load-KDS-41-12-2022
213,DB,Moving Loads,/db/CJFG,db/CJFG,"POST, GET, PUT, DELETE",,Concurrent Joint Force Group,,yes,1,0,0,2,2025-03-07,https://support.midasuser.com/hc/en-us/articles/35962376351769-Concurrent-Joint-Force-Group
214,DB,Analysis,/db/BCGD-M1ᴴˢ⁾,db/BCGD-M1,"POST, GET, PUT, DELETE",,Assign Boundary Combination,,yes,1,0,0,3,2026-05-07,https://support.midasuser.com/hc/en-us/articles/56374180830745-Define-Boundary-Combination
215,DB,Properties,/db/EWSF,db/EWSF,"POST, GET, PUT, DELETE",,Effective Width Scale Factor,,yes,1,0,0,12,2025-03-05,https://support.midasuser.com/hc/en-us/articles/35943954272281-Effective-Width-Scale-Factor
216,DB,Boundary,/db/MCON,db/MCON,"POST, GET, PUT, DELETE",,Linear Constraints,,yes,2,0,0,15,2025-03-06,https://support.midasuser.com/hc/en-us/articles/35948507217689-Linear-Constraints
217,DB,Static Loads,/db/SSEIS,db/SSEIS,"POST, GET, PUT, DELETE",,Static Seismic Load - KDS(41-17-00:2019),,yes,1,0,0,34,2026-09-01,https://support.midasuser.com/hc/en-us/articles/58908676674585-Static-Seismic-Load-KDS-41-17-00-2019
218,DB,Moving Loads,/db/MVHC,db/MVHC,"POST, GET, PUT, DELETE",,Vehicle Classes,,yes,1,0,0,3,2025-03-07,https://support.midasuser.com/hc/en-us/articles/35962463156761-Vehicle-Classes
219,DB,Analysis,/db/BCGA-M1ᴴˢ⁾,db/BCGA-M1,"POST, GET, PUT, DELETE",,Assign Boundary Combination,,yes,1,0,0,6,2026-05-07,https://support.midasuser.com/hc/en-us/articles/56375029084697-Assign-Boundary-Combination
220,DB,Properties,/db/IEHC,db/IEHC,"POST, GET, PUT, DELETE",,Inelastic Hinge Control Data,,yes,1,0,0,19,2025-11-04,https://support.midasuser.com/hc/en-us/articles/35944093809689-Inelastic-Hinge-Control-Data
221,DB,Boundary,/db/PZEF,db/PZEF,"POST, GET, PUT",,Panel Zone Effects,,yes,1,0,0,4,2025-03-06,https://support.midasuser.com/hc/en-us/articles/35950231812505-Panel-Zone-Effects
222,DB,Moving Loads,/db/SINF,db/SINF,"POST, GET, PUT, DELETE",,Plate Element for Influence Surface,,yes,1,0,0,2,2025-03-07,https://support.midasuser.com/hc/en-us/articles/35962659347481-Plate-Element-for-Influence-Surface
223,DB,Properties,/db/IEHG,db/IEHG,"POST, GET, PUT, DELETE",,Assign Inelastic Hinge Properties,,yes,1,0,0,3,2025-03-05,https://support.midasuser.com/hc/en-us/articles/35944228031001-Assign-Inelastic-Hinge-Properties
224,DB,Boundary,/db/CLDR,db/CLDR,"POST, GET, PUT",,Define Constraints Label Direction,,yes,1,0,0,2,2025-03-06,https://support.midasuser.com/hc/en-us/articles/35952465579417-Define-Constraints-Label-Direction
225,DB,Moving Loads,/db/MLSP,db/MLSP,"POST, GET, PUT, DELETE",,Lane Support - Negative Moments at Interior Piers,,yes,3,0,0,6,2025-03-07,https://support.midasuser.com/hc/en-us/articles/35962967211545-Lane-Support-Negative-Moments-at-Interior-Piers
226,DB,Properties,/db/IEHG-BEAM-M1ᴴˢ⁾,db/IEHG-BEAM-M1,"POST, GET, PUT, DELETE",,Assign Inelastic Hinges - Beam,,yes,1,0,0,2,2026-05-06,https://support.midasuser.com/hc/en-us/articles/57656773423385-Assign-Inelastic-Hinges-Beam
227,DB,Boundary,/db/DRLS,db/DRLS,"POST, GET, PUT, DELETE",,Diaphragm Disconnect,,yes,1,0,0,2,2026-07-02,https://support.midasuser.com/hc/en-us/articles/51740138178969-Diaphragm-Disconnect
228,DB,Moving Loads,/db/MLSR,db/MLSR,"POST, GET, PUT, DELETE",,Lane Support - Reactions at Interior Piers,,yes,1,0,0,2,2025-03-07,https://support.midasuser.com/hc/en-us/articles/35963167875225-Lane-Support-Reactions-at-Interior-Piers
229,DB,Properties,/db/IEHG-TRUSS-M1ᴴˢ⁾,db/IEHG-TRUSS-M1,"POST, GET, PUT, DELETE",,Assign Inelastic Hinges - Truss,,yes,1,0,0,2,2026-05-06,https://support.midasuser.com/hc/en-us/articles/57656796689177-Assign-Inelastic-Hinges-Truss
230,DB,Moving Loads,/db/DYLA,db/DYLA,"POST, GET, PUT, DELETE",,Dynamic Load Allowance,,yes,1,0,0,3,2025-03-07,https://support.midasuser.com/hc/en-us/articles/35963288573849-Dynamic-Load-Allowance
231,DB,Properties,/db/IEHG-GL-M1ᴴˢ⁾,db/IEHG-GL-M1,"POST, GET, PUT, DELETE",,Assign Inelastic Hinges - General Link,,yes,1,0,0,2,2026-05-06,https://support.midasuser.com/hc/en-us/articles/57656799110937-Assign-Inelastic-Hinges-General-Link
232,DB,Moving Loads,/db/IMPF,db/IMPF,"POST, GET, PUT, DELETE",,Additional Impact Factor,,yes,4,0,0,16,2025-03-07,https://support.midasuser.com/hc/en-us/articles/35963359844889-Additional-Impact-Factor
233,DB,Properties,/db/IEHG-PSS-M1ᴴˢ⁾,db/IEHG-PSS-M1,"POST, GET, PUT, DELETE",,Assign Inelastic Hinges - Point Spring Support,,yes,1,0,0,2,2026-05-06,https://support.midasuser.com/hc/en-us/articles/57656826629657-Assign-Inelastic-Hinges-Point-Spring-Support
234,DB,Moving Loads,/db/DYFG,db/DYFG,"POST, GET, PUT, DELETE",,Railway Dynamic Factor,,yes,2,0,0,7,2025-03-07,https://support.midasuser.com/hc/en-us/articles/35963474883097-Railway-Dynamic-Factor
235,DB,Properties,/db/FIMP,db/FIMP,"POST, GET, PUT, DELETE",,Inelastic Material Properties,,yes,15,0,0,223,2025-03-05,https://support.midasuser.com/hc/en-us/articles/35944335180569-Inelastic-Material-Properties
236,DB,Moving Loads,/db/DYNF,db/DYNF,"POST, GET, PUT, DELETE",,Railway Dynamic Factor by Element,,yes,2,0,0,7,2025-03-07,https://support.midasuser.com/hc/en-us/articles/35963520535577-Railway-Dynamic-Factor-by-Element
237,DB,Properties,/db/FIBR,db/FIBR,"POST, GET, PUT, DELETE",,Fiber Division of Section,,yes,1,0,0,22,2025-03-05,https://support.midasuser.com/hc/en-us/articles/35944476555801-Fiber-Division-of-Section
238,DB,Properties,/db/GRDP,db/GRDP,"POST, GET, PUT, DELETE",,Group Damping,,yes,1,0,0,42,2025-03-05,https://support.midasuser.com/hc/en-us/articles/35944577940633-Group-Damping
239,DB,Properties,/db/ESSF,db/ESSF,"POST, GET, PUT, DELETE",,Element Stiffness Scale Factor,,yes,2,0,0,11,2026-07-02,https://support.midasuser.com/hc/en-us/articles/44613910309401-Element-Stiffness-Scale-Factor
240,OPE,,/ope/PROJECTSTATUS,ope/PROJECTSTATUS,GET,,Project Status,,,0,0,1,0,2025-03-07,https://support.midasuser.com/hc/en-us/articles/35994678976281-Project-Status
241,OPE,,/ope/DIVIDEELEM,ope/DIVIDEELEM,POST,,Divide Elements,,yes,0,14,1,40,2025-11-04,https://support.midasuser.com/hc/en-us/articles/35994694310937-Divide-Elements
242,OPE,,/ope/SECTPROP,ope/SECTPROP,GET,,Section Properties Calculation Results,,,0,0,1,0,2025-03-07,https://support.midasuser.com/hc/en-us/articles/35994769341081-Section-Properties-Calculation-Results
243,OPE,,/ope/USLC,ope/USLC,POST,,Using Load Combinations,,yes,1,0,0,24,2025-11-04,https://support.midasuser.com/hc/en-us/articles/35994827741465-Using-Load-Combinations
244,OPE,,/ope/LINEBMLD,ope/LINEBMLD,POST,,Line Beam Load,,yes,0,12,1,35,2025-03-07,https://support.midasuser.com/hc/en-us/articles/35994879160857-Line-Beam-Load
245,OPE,,/ope/AUTOMESH,ope/AUTOMESH,POST,,Auto-Mesh Planar Area,,yes,0,6,1,30,2025-03-07,https://support.midasuser.com/hc/en-us/articles/35736427971225-Auto-Mesh-Planar-Area
246,OPE,,/ope/SSPS,ope/SSPS,POST,,Surface Spring,,yes,0,8,0,39,2025-03-07,https://support.midasuser.com/hc/en-us/articles/39772183634329-Surface-Spring
247,OPE,,/ope/EDMP,ope/EDMP,POST,,Change Property,,yes,2,0,0,10,2025-03-07,https://support.midasuser.com/hc/en-us/articles/39772649347865-Change-Property
248,OPE,,/ope/STOR,ope/STOR,POST,,Story Calculation,,,0,0,0,7,2026-07-21,https://support.midasuser.com/hc/en-us/articles/49514653408793-Story-Calc-OPT
249,OPE,,/ope/STORY_PARAM,ope/STORY_PARAM,"GET,POST",,Story Check Parameter,,,0,0,0,2,2026-08-07,https://support.midasuser.com/hc/en-us/articles/49514705474457-Story-Check-Parameter
250,OPE,,/ope/STORY_IRR_PARAM,ope/STORY_IRR_PARAM,"GET,POST",,Story Irregularity Check Parameter,,,0,0,0,6,2026-07-30,https://support.midasuser.com/hc/en-us/articles/49514751862425-Story-Irregularity-Check-Parameter
251,OPE,,/ope/STORPROP,ope/STORPROP,POST,,Story Properties,,,0,0,0,5,2026-07-30,https://support.midasuser.com/hc/en-us/articles/49514773501721-Story-Properties
252,OPE,,/ope/MEMB,ope/MEMB,POST,,Member Assignment,,,0,0,0,5,2026-09-28,https://support.midasuser.com/hc/en-us/articles/49514964272665-Member-Assignment
253,OPE,,/ope/GUSTFACTOR,ope/GUSTFACTOR,POST,,Gust Factor Calculator,,yes,0,0,0,32,2026-07-30,https://support.midasuser.com/hc/en-us/articles/59050520760473-Gust-Factor-Calculator
254,OPE,,/ope/LCOM-GEN,ope/LCOM-GEN,POST,,Load Combination (General) - KDS : 2022,,yes,0,0,0,164,2026-07-30,https://support.midasuser.com/hc/en-us/articles/59057595762329-Load-Combination-General-KDS-2022
255,OPE,,/ope/LCOM-CONC,ope/LCOM-CONC,POST,,Load Combination (Concrete) - KDS 41 20 : 2022,,yes,0,0,0,59,2026-07-30,https://support.midasuser.com/hc/en-us/articles/59054699524889-Load-Combination-Concrete-KDS-41-20-2022
256,OPE,,/ope/LCOM-STEEL,ope/LCOM-STEEL,POST,,Load Combination (Steel) - KDS 41 30 : 2022,,yes,0,0,0,57,2026-07-30,https://support.midasuser.com/hc/en-us/articles/59054671269145-Load-Combination-Steel-KDS-41-30-2022
257,OPE,,/ope/LCOM-SRC,ope/LCOM-SRC,POST,,Load Combination (SRC) - KDS 41 SRC : 2022,,yes,0,0,0,55,2026-07-30,https://support.midasuser.com/hc/en-us/articles/59057831082265-Load-Combination-SRC-KDS-41-SRC-2022
258,OPE,,/ope/GSBG,ope/GSBG,POST,,Bridge Girder Diagrams,,yes,0,4,0,23,2026-09-28,https://support.midasuser.com/hc/en-us/articles/59870138081177-Bridge-Girder-Diagrams
259,VIEW,,/view/SELECT,view/SELECT,GET,,Select,,,0,0,1,0,2025-03-07,https://support.midasuser.com/hc/en-us/articles/35995942911257-Select
260,VIEW,,/view/CAPTURE,view/CAPTURE,POST,,Capture,,yes,1,0,0,25,2025-04-24,https://support.midasuser.com/hc/en-us/articles/35996023805337-Capture
261,VIEW,,/view/PRECAPTURE,view/PRECAPTURE,POST,,Dialog Capture,,yes,1,0,0,5,2025-03-07,https://support.midasuser.com/hc/en-us/articles/39236964850329-Dialog-Capture
262,VIEW,,/view/ANGLE,view/ANGLE,POST,,Viewpoint,,yes,1,0,0,3,2025-03-07,https://support.midasuser.com/hc/en-us/articles/35736247981209-Viewpoint
263,VIEW,,/view/ACTIVE,view/ACTIVE,POST,,Active,,yes,3,0,0,11,2025-12-17,https://support.midasuser.com/hc/en-us/articles/35523395368985-Active
264,VIEW,,/view/DISPLAY,view/DISPLAY,POST,,Display,,yes,7,0,0,137,2025-03-07,https://support.midasuser.com/hc/en-us/articles/35996157533977-Display
265,VIEW,,/view/RESULTGRAPHIC,view/RESULTGRAPHIC,POST,,Type of Display,,yes,10,0,0,107,2026-08-28,https://support.midasuser.com/hc/en-us/articles/35996812786841-Type-of-Display
266,POST,Pre-Process Table,Element Weight,post/TABLE,POST,ELEMENTWEIGHT,Element Weight Table,,yes,0,1,1,11,2025-03-31,https://support.midasuser.com/hc/en-us/articles/36007474964249-Element-Weight-Table
267,POST,Analysis Result Table,Reaction-Local Reaction-Global Reaction-Local-Surface Spring,post/TABLE,POST,"REACTIONG, REACTIONL, REACTIONLSURFACESPRING",Reaction - Analysis Result Table,,yes,0,5,5,24,2026-09-11,https://support.midasuser.com/hc/en-us/articles/36009349748249-Reaction-Analysis-Result-Table
268,POST,Analysis Story Table,"Story Drift (X,Y,Combined)",post/TABLE,POST,"STORY_DRIFT_COMB, STORY_DRIFT_X, STORY_DRIFT_Y",Story Drift - Analysis Story Table,,,0,3,3,46,2026-07-28,https://support.midasuser.com/hc/en-us/articles/49511531295257-post-TABLE-Story-Drift-X-Y-Combine-Story-Result-Table
269,POST,Time History Result Table,Displacement Velocity Absolute Acceleration Relative Acceleration,post/TABLE,POST,"THISABSOLUTEACCEL, THISDISPLACEMENT, THISRELATIVEACCEL, THISVELOCITY",Displacement/Velocity/Acceleration - TH Result Table,,yes,0,4,4,21,2025-04-27,https://support.midasuser.com/hc/en-us/articles/36019076720921-Displacement-Velocity-Acceleration-TH-Result-Table
270,POST,Heat of Hydration Result Table,Stress-Local Stress-Global,post/TABLE,POST,"HEAT_HYDR_STRESS_G, HEAT_HYDR_STRESS_L",Stress - HY Result Table,,yes,0,2,2,24,2025-04-27,https://support.midasuser.com/hc/en-us/articles/36020924196249-Stress-HY-Result-Table
271,POST,Time History Text,Node Results,post/TEXT,POST,,Time History Text - Node Results,,yes,0,3,3,26,2025-08-14,https://support.midasuser.com/hc/en-us/articles/36704969941913-Time-History-Text-Node-Results
272,POST,Pushover Text,Displacement Result,post/TEXT,POST,,Pushover Text - Displacement Result,,yes,0,1,1,26,2026-08-05,https://support.midasuser.com/hc/en-us/articles/36705962238873-Pushover-Text-Displacement-Result
273,POST,Design,/post/PM,post/PM,POST,,P-M Interaction Diagram,,yes,1,0,0,2,2026-08-05,https://support.midasuser.com/hc/en-us/articles/36021337973017-P-M-Interaction-Diagram
274,POST,Pre-Process Table,Nodal Body Force,post/TABLE,POST,NODALBODYFORCE,Nodal Body Force Table,,yes,0,1,1,4,2025-03-31,https://support.midasuser.com/hc/en-us/articles/36007518091289-Nodal-Body-Force-Table
275,POST,Analysis Result Table,Displacement-Local Displacement-Global,post/TABLE,POST,"DISPLACEMENTG, DISPLACEMENTL",Displacements - Analysis Result Table,,yes,0,4,4,25,2025-03-31,https://support.midasuser.com/hc/en-us/articles/36009638400281-Displacements-Analysis-Result-Table
276,POST,Analysis Story Table,"Story Displacement (X,Y,Combined)",POST/TABLE,Post,"STORY_DISPLACEMENT_COMB, STORY_DISPLACEMENT_X, STORY_DISPLACEMENT_Y",Story Displacement - Analysis Story Table,,,0,3,4,14,2026-07-24,https://support.midasuser.com/hc/en-us/articles/49511597474713-Story-Displacement-X-Y-Combined-Story-Result-Table
277,POST,Time History Result Table,Beam Force,post/TABLE,POST,THISBEAMFORCE,Beam Force - TH Result Table,,yes,0,1,1,22,2025-04-27,https://support.midasuser.com/hc/en-us/articles/36020023438361-Beam-Force-TH-Result-Table
278,POST,Heat of Hydration Result Table,Temperature,post/TABLE,POST,HEAT_HYDR_TEMPERATURE,Temperature - HY Result Table,,yes,0,1,1,21,2025-04-27,https://support.midasuser.com/hc/en-us/articles/36020983264793-Temperature-HY-Result-Table
279,POST,Time History Text,"Element Result(Truss, Beam, Plane Stress/Strain, Solid)",post/TEXT,POST,,"Time History Text - Element Result(Truss, Beam, Plane Stress/Strain, Solid)",,yes,0,10,10,23,2025-08-14,https://support.midasuser.com/hc/en-us/articles/36705161290649-Time-History-Text-Element-Result-Truss-Beam-Plane-Stress-Strain-Solid
280,POST,Pushover Text,"Element Result(Beam, Truss)",post/TEXT,POST,,"Pushover Text - Element Result(Beam, Truss)",,yes,0,4,4,23,2026-08-05,https://support.midasuser.com/hc/en-us/articles/36706062373657-Pushover-Text-Element-Result-Beam-Truss
281,POST,Design,/post/STEELCODECHECK,post/STEELCODECHECK,POST,,Steel Code Check,,yes,0,0,0,13,2026-08-05,https://support.midasuser.com/hc/en-us/articles/44662732910233-Steel-Code-Check
282,POST,Pre-Process Table,Mass Summary,post/TABLE,POST,"MASS_SUMMARY_X, MASS_SUMMARY_Y, MASS_SUMMARY_Z",Mass Summary Table,,yes,0,3,3,4,2025-03-31,https://support.midasuser.com/hc/en-us/articles/36007577052441-Mass-Summary-Table
283,POST,Analysis Result Table,Truss Force,post/TABLE,POST,TRUSSFORCE,Truss Force - Analysis Result Table,,yes,0,2,2,24,2025-03-31,https://support.midasuser.com/hc/en-us/articles/36009739012249-Truss-Force-Analysis-Result-Table
284,POST,Analysis Story Table,Story Shear(R.S Analysis) - Story Shear(for R.S) Story Shear(R.S.Analysis) - Story Shear Force Coefficient,POST/TABLE,Post,STORY_SHEAR_FOR_RS,Story Shear(R.S Analysis) - Analysis Story Table,,,0,1,1,14,2026-07-24,https://support.midasuser.com/hc/en-us/articles/49511717907097-Story-Shear-Force-R-S-Analysis-Story-Result-Table
285,POST,Time History Result Table,Truss Force,post/TABLE,POST,THISTRUSSFORCE,Truss Force - TH Result Table,,yes,0,1,1,21,2025-04-27,https://support.midasuser.com/hc/en-us/articles/36020089749913-Truss-Force-TH-Result-Table
286,POST,Heat of Hydration Result Table,Displacement,post/TABLE,POST,HEAT_HYDR_DISPLACEMENT,Displacement - HY Result Table,,yes,0,1,1,21,2025-04-27,https://support.midasuser.com/hc/en-us/articles/36021071108377-Displacement-HY-Result-Table
287,POST,Time History Text,Element Result(Plate),post/TEXT,POST,,Time History Text - Element Result(Plate),,yes,0,3,3,23,2025-08-14,https://support.midasuser.com/hc/en-us/articles/36705400674585-Time-History-Text-Element-Result-Plate
288,POST,Pushover Text,Element Result(Wall),post/TEXT,POST,,Pushover Text - Element Result(Wall),,yes,0,1,1,23,2025-08-14,https://support.midasuser.com/hc/en-us/articles/36706217576217-Pushover-Text-Element-Result-Wall
289,POST,Design,/post/BEAMDESIGNFORCES,POST/TABLE,Post,"BEAMDESIGNFORCES, string",Concrete Design - Beam Design Force,,yes,0,1,1,21,2026-08-05,https://support.midasuser.com/hc/en-us/articles/49514295460889-Concrete-Design-Beam-Design-Forces
290,POST,Pre-Process Table,Load Summary,post/TABLE,POST,"LOAD_SUMMARY_X, LOAD_SUMMARY_Y, LOAD_SUMMARY_Z",Load Summary Table,,yes,0,3,3,4,2025-03-31,https://support.midasuser.com/hc/en-us/articles/36007640088857-Load-Summary-Table
291,POST,Analysis Result Table,Cable Force,post/TABLE,POST,CABLEFORCE,Cable Force - Analysis Result Table,,yes,0,2,2,24,2025-03-31,https://support.midasuser.com/hc/en-us/articles/36010315199001-Cable-Force-Analysis-Result-Table
292,POST,Analysis Story Table,Story Mode Shape,POST/TABLE,Post,STORY_MODE_SHAPE,Story Mode Shape - Analysis Story Table,,,0,1,1,14,2026-07-24,https://support.midasuser.com/hc/en-us/articles/49511927443481-Story-Mode-Shape-Story-Result-Table
293,POST,Time History Result Table,General Link Force Deformation,post/TABLE,POST,"THISGLINKDEFORMATION, THISGLINKFORCE",General Link - TH Result Table,,yes,0,2,2,21,2025-04-27,https://support.midasuser.com/hc/en-us/articles/36020136483353-General-Link-TH-Result-Table
294,POST,Heat of Hydration Result Table,Tensile Stress,post/TABLE,POST,HEAT_HYDR_TENS_STRESS,Tensile Stress - HY Result Table,,yes,0,1,1,21,2025-04-27,https://support.midasuser.com/hc/en-us/articles/36021119165081-Tensile-Stress-HY-Result-Table
295,POST,Time History Text,Element Result(Wall),post/TEXT,POST,,Time History Text - Element Result(Wall),,yes,0,1,1,23,2025-08-14,https://support.midasuser.com/hc/en-us/articles/36705611314585-Time-History-Text-Element-Result-Wall
296,POST,Pushover Text,General Link Result,post/TEXT,POST,,Pushover Text - General Link Result,,yes,0,2,2,23,2025-08-14,https://support.midasuser.com/hc/en-us/articles/36706344369049-Pushover-Text-General-Link-Result
297,POST,Design,/post/COLUMNDESIGNFORCES,POST/TABLE,Post,"COLUMNDESIGNFORCES, string",Concrete Design - Column Design Forces,,yes,0,1,1,21,2026-08-05,https://support.midasuser.com/hc/en-us/articles/49514320078489-Concrete-Design-Column-Design-Forces
298,POST,Pre-Process Table,Material,post/TABLE,POST,MATERIAL,Material Table,,yes,0,1,1,4,2026-08-05,https://support.midasuser.com/hc/en-us/articles/43835303404825-Material-Table
299,POST,Analysis Result Table,Beam Force Beam Force-View by Max Value Item,post/TABLE,POST,"BEAMFORCE, BEAMFORCEVBM",Beam Force - Analysis Result Table,,yes,0,3,3,27,2026-09-01,https://support.midasuser.com/hc/en-us/articles/36011262919705-Beam-Force-Analysis-Result-Table
300,POST,Analysis Story Table,Story Shear Force Ratio,POST/TABLE,Post,STORY_SHEAR_FORCE_RATIO,Story Shear Force Ratio - Analysis Story Table,,,0,1,1,18,2026-07-24,https://support.midasuser.com/hc/en-us/articles/49512411760665-Story-Shear-Force-Ratio-Story-Result-Table
301,POST,Time History Result Table,Event Time-Lumped Event Time-Distributed Event Time-Wall Event Time-Truss Event Time-Spring,post/TABLE,POST,"IEHG_EVENT_TIME_DIST, IEHG_EVENT_TIME_LUMPED, IEHG_EVENT_TIME_SPRING, IEHG_EVENT_TIME_TRUSS, IEHG_EVENT_TIME_WALL",Inelastic Hinge Event Time - TH Result Table,,yes,0,5,5,14,2025-04-27,https://support.midasuser.com/hc/en-us/articles/36020215503257-Inelastic-Hinge-Event-Time-TH-Result-Table
302,POST,Heat of Hydration Result Table,Pipe Cooling Nodal Temperature,post/TABLE,POST,HEAT_HYDR_PIPE_NODE_TEMP,Pipe Cooling Nodal Temperature - HY Result Table,,yes,0,1,1,14,2025-04-27,https://support.midasuser.com/hc/en-us/articles/36021224509977-Pipe-Cooling-Nodal-Temperature-HY-Result-Table
303,POST,Time History Text,General Link Result,post/TEXT,POST,,Time History Text - General Link Result,,yes,0,2,2,23,2025-08-14,https://support.midasuser.com/hc/en-us/articles/36705822943257-Time-History-Text-General-Link-Result
304,POST,Pushover Text,Elastic Link Result,post/TEXT,POST,,Pushover Text - Elastic Link Result,,yes,0,2,2,23,2026-08-05,https://support.midasuser.com/hc/en-us/articles/36706383777817-Pushover-Text-Elastic-Link-Result
305,POST,Design,/post/BRACEDESIGNFORCES,POST/TABLE,Post,"BRACEDESIGNFORCES, string",Concrete Design - Brace Design Forces,,yes,0,1,1,21,2026-08-05,https://support.midasuser.com/hc/en-us/articles/49514395318041-Concrete-Design-Brace-Design-Forces
306,POST,Pre-Process Table,Section,post/TABLE,POST,SECTIONALL,Section Table,,yes,0,1,1,4,2026-08-05,https://support.midasuser.com/hc/en-us/articles/43835398107801-Section-Table
307,POST,Analysis Result Table,Plate Force-Local,post/TABLE,POST,PLATEFORCEL,Plate Force (Local) - Analysis Result Table,,yes,0,2,2,25,2025-03-31,https://support.midasuser.com/hc/en-us/articles/36012451576985-Plate-Force-Local-Analysis-Result-Table
308,POST,Analysis Story Table,Story Eccentricity,POST/TABLE,Post,STORY_ECNTRICITY,Story Eccentricity - Analysis Story Table,,,0,1,1,13,2026-07-24,https://support.midasuser.com/hc/en-us/articles/49511990423833-Story-Eccentricity-Story-Result-Table
309,POST,Time History Result Table,Beam Summary-DX Beam Summary-DY Beam Summary-DZ Beam Summary-RY Beam Summary-RZ,post/TABLE,POST,"IEHG_BEAM_SUM_DX, IEHG_BEAM_SUM_DY, IEHG_BEAM_SUM_DZ, IEHG_BEAM_SUM_RY, IEHG_BEAM_SUM_RZ",Inelastic Hinge Beam Summary - TH Result Table,,yes,0,5,5,21,2025-04-27,https://support.midasuser.com/hc/en-us/articles/36020290127513-Inelastic-Hinge-Beam-Summary-TH-Result-Table
310,POST,Design,/post/WALLDESIGNFORCES,POST/TABLE,Post,"WALLDESIGNFORCES, string",Concrete Design - Wall Design Forces,,yes,0,1,1,22,2026-08-05,https://support.midasuser.com/hc/en-us/articles/49514433321881-Concrete-Design-Wall-Design-Forces
311,POST,Pre-Process Table,Restraint Supports,post/TABLE,POST,SUPPORTS,Restraint Support Table,,yes,0,1,1,4,2026-08-05,https://support.midasuser.com/hc/en-us/articles/43835481307161-Restraint-Supports-Table
312,POST,Analysis Result Table,Plane Stress Force-Local,post/TABLE,POST,PLANESTRESSFL,Plane Force (Local) - Analysis Result Table,,yes,0,2,2,25,2025-03-31,https://support.midasuser.com/hc/en-us/articles/36013533471769-Plane-Force-Local-Analysis-Result-Table
313,POST,Analysis Story Table,Overturning Moment,POST/TABLE,Post,OVERTURNING_MOMENT,Overturning Moment - Analysis Story Table,,,0,2,2,20,2026-07-29,https://support.midasuser.com/hc/en-us/articles/49512035391641-Overturning-Moment-Story-Result-Table
314,POST,Time History Result Table,Truss Summary-DX,post/TABLE,POST,IEHG_TRUSS_SUM_DX,Inelastic Hinge Truss Summary - TH Result Table,,yes,0,1,1,21,2025-04-27,https://support.midasuser.com/hc/en-us/articles/36020311969305-Inelastic-Hinge-Truss-Summary-TH-Result-Table
315,POST,Design,/post/STEELMEMBERDESIGNFORCES,POST/TABLE,Post,"STEELMEMBERDESIGNFORCES, string",Steel Design - Steel Member Design Forces,,yes,0,1,1,21,2026-08-05,https://support.midasuser.com/hc/en-us/articles/49514496461593-Steel-Design-Steel-Member-Design-Forces
316,POST,Pre-Process Table,Story Mass Summary,POST/TABLE,Post,,Story Mass Summary Table,,,0,0,0,13,2026-08-05,https://support.midasuser.com/hc/en-us/articles/49514136996889-Story-Mass-Summary
317,POST,Analysis Result Table,Plane Strain Force-Local,post/TABLE,POST,PLANESTRAINFL,Plane Strain Force (Local) - Analysis Result Table,,yes,0,2,2,25,2025-03-31,https://support.midasuser.com/hc/en-us/articles/36013937993881-Plane-Strain-Force-Local-Analysis-Result-Table
318,POST,Analysis Story Table,Story Axial Force Sum,POST/TABLE,Post,STORY_AXIAL_FORCE_SUM,Story Axial Force Sum - Analysis Story Table,,,0,1,1,14,2026-07-24,https://support.midasuser.com/hc/en-us/articles/49512116327065-Story-Axial-Force-Sum-Story-Result-Table
319,POST,Time History Result Table,General Link Summary-DX General Link Summary-DY General Link Summary-DZ General Link Summary-RX General Link Summary-RY General Link Summary-RZ,post/TABLE,POST,"IEHG_GL_LINK_SUM_DX, IEHG_GL_LINK_SUM_DY, IEHG_GL_LINK_SUM_DZ, IEHG_GL_LINK_SUM_RX, IEHG_GL_LINK_SUM_RY, IEHG_GL_LINK_SUM_RZ",Inelastic Hinge General Link Summary - TH Result Table,,yes,0,6,6,14,2025-04-27,https://support.midasuser.com/hc/en-us/articles/36020391511961-Inelastic-Hinge-General-Link-Summary-TH-Result-Table
320,POST,Design,/post/SRCBEAMDESIGNFORCES,POST/TABLE,Post,"SRCBEAMDESIGNFORCES, string",SRC Design - SRC Beam Design Forces,,yes,0,1,1,21,2026-08-05,https://support.midasuser.com/hc/en-us/articles/49514560567961-SRC-Design-SRC-Beam-Design-Forces
321,POST,Pre-Process Table,Story Load Summary,POST/TABLE,Post,,Story Load Summary Table,,,0,0,0,4,2026-08-05,https://support.midasuser.com/hc/en-us/articles/49514148775705-Story-Load-Summary
322,POST,Analysis Result Table,Axisymmetric Force-Local,post/TABLE,POST,AXISYMMETRICFL,Axisymmetric Force (Local) - Analysis Result Table,,yes,0,2,2,25,2025-03-31,https://support.midasuser.com/hc/en-us/articles/36014348032409-Axisymmetric-Force-Local-Analysis-Result-Table
323,POST,Analysis Story Table,Story Stability Coefficient,POST/TABLE,Post,"STORY_STABILITY_COEFFICIENT_X, STORY_STABILITY_COEFFICIENT_Y",Story Stability Coefficient - Analysis Story Table,,,0,2,2,29,2026-08-20,https://support.midasuser.com/hc/en-us/articles/49512818237849-Story-Stability-Coefficient-Story-Result-Table
324,POST,Time History Result Table,Force-Lumped Force-Distributed Force-Wall Force-Truss Force-Spring,post/TABLE,POST,"IEHG_FORCE_DIST, IEHG_FORCE_LUMPED, IEHG_FORCE_SPRING, IEHG_FORCE_TRUSS, IEHG_FORCE_WALL",Inelastic Hinge Force - TH Result Table,,yes,0,5,5,14,2025-04-27,https://support.midasuser.com/hc/en-us/articles/36020436094105-Inelastic-Hinge-Force-TH-Result-Table
325,POST,Design,/post/SRCCOLUMNDESIGNFORCES SRC,POST/TABLE,Post,"SRCCOLUMNDESIGNFORCES, string",SRC Design - SRC Column Design Forces,,yes,0,1,1,21,2026-08-05,https://support.midasuser.com/hc/en-us/articles/49514609393049-SRC-Design-SRC-Column-Design-Forces
326,POST,Pre-Process Table,Story Weight,POST/TABLE,Post,,Story Weight Table,,,0,0,0,4,2026-08-05,https://support.midasuser.com/hc/en-us/articles/49514231584921-Story-Weight
327,POST,Analysis Result Table,Solid Force-Local,post/TABLE,POST,SOLIDFL,Solid Force (Local) - Analysis Result Table,,yes,0,2,2,24,2025-04-22,https://support.midasuser.com/hc/en-us/articles/36015113863449-Solid-Force-Local-Analysis-Result-Table
328,POST,Analysis Story Table,Torsional Irregularity Check,POST/TABLE,Post,"TORSIONAL_IRREGULARITY_X, TORSIONAL_IRREGULARITY_Y",Torsional Irregularity Check - Analysis Story Table,,,0,2,2,18,2026-07-29,https://support.midasuser.com/hc/en-us/articles/49512900149017-Torsional-Irregularity-Check-Story-Result-Table
329,POST,Time History Result Table,Deformation-Lumped Deformation-Distributed Deformation-Wall Deformation-Truss Deformation-Spring,post/TABLE,POST,"IEHG_DEFORM_DIST, IEHG_DEFORM_LUMPED, IEHG_DEFORM_SPRING, IEHG_DEFORM_TRUSS, IEHG_DEFORM_WALL",Inelastic Hinge Deformation - TH Result Table,,yes,0,5,5,14,2025-04-27,https://support.midasuser.com/hc/en-us/articles/36020548520601-Inelastic-Hinge-Deformation-TH-Result-Table
330,POST,Design,/post/COLDFORMEDSTEELMEMBERDESIGNFORCES,POST/TABLE,Post,"COLDFORMEDSTEELMEMBERDESIGNFORCES, string",Cold Formed Design - Cold Formed Steel Member Design Forces,,yes,0,1,1,21,2026-08-05,https://support.midasuser.com/hc/en-us/articles/49514621265305-Cold-Formed-Design-Cold-Formed-Steel-Member-Design-Forces
331,POST,Analysis Result Table,Elastic Link View by Max Value Item,post/TABLE,POST,"ELASTICLINK, ELASTICLINKVBM",Elastic Link - Analysis Result Table,,yes,0,3,3,26,2025-08-14,https://support.midasuser.com/hc/en-us/articles/36017416195737-Elastic-Link-Analysis-Result-Table
332,POST,Analysis Story Table,Torsional Amplification Factor,POST/TABLE,Post,"TORSIONAL_AMPLIFICATION_FACTOR_X, TORSIONAL_AMPLIFICATION_FACTOR_Y",Torsional Amplification Factor - Analysis Story Table,,,0,2,2,18,2026-07-29,https://support.midasuser.com/hc/en-us/articles/49513005384089-Torsional-Amplification-Factor-Story-Result-Table
333,POST,Time History Result Table,Element Rotation-Beam Element Rotation-Wall,post/TABLE,POST,"IEHG_ELEM_ROT_BEAM, IEHG_ELEM_ROT_WALL",Inelastic Hinge Element Rotation - TH Result Table,,yes,0,2,2,14,2025-04-27,https://support.midasuser.com/hc/en-us/articles/36020688077209-Inelastic-Hinge-Element-Rotation-TH-Result-Table
334,POST,Analysis Result Table,General Link Force General Link Force-View by Max Value Item General Link Deformation,post/TABLE,POST,"GENERAL_LINK_DEFORM, GENERAL_LINK_FORCE, GENERAL_LINK_FORCEVBM",General Link - Analysis Result Table,,yes,0,5,5,26,2025-08-14,https://support.midasuser.com/hc/en-us/articles/36017500761369-General-Link-Analysis-Result-Table
335,POST,Analysis Story Table,Stiffness Irregularity Check (Soft Story),POST/TABLE,Post,"STIFFNESS_IRREGULARITY_X, STIFFNESS_IRREGULARITY_Y",Stiffness Irregularity Check (Soft Story) - Analysis Story Table,,,0,2,2,18,2026-07-29,https://support.midasuser.com/hc/en-us/articles/49513107644057-Stiffness-Irregularity-Check-Soft-Story-Story-Result-Table
336,POST,Time History Result Table,Ductility Factor(D/D1)-Lumped Ductility Factor(D/D1)-Distributed Ductility Factor(D/D1)-Wall Ductility Factor(D/D1)-Truss Ductility Factor(D/D1)-Spring,post/TABLE,POST,"IEHG_DUCT_D1_DIST, IEHG_DUCT_D1_LUMPED, IEHG_DUCT_D1_SPRING, IEHG_DUCT_D1_TRUSS, IEHG_DUCT_D1_WALL",Inelastic Hinge Ductility Factor(D/D1) - TH Result Table,,yes,0,5,5,14,2025-04-27,https://support.midasuser.com/hc/en-us/articles/36020795064089-Inelastic-Hinge-Ductility-Factor-D-D1-TH-Result-Table
337,POST,Analysis Result Table,Resultant Force Resultant Force-View by Max Value Item,post/TABLE,POST,"RESULTANT_FORCES, RESULTANT_FORCESVBM",Resultant Forces - Analysis Result Table,,yes,0,3,3,27,2025-04-25,https://support.midasuser.com/hc/en-us/articles/36017614482201-Resultant-Forces-Analysis-Result-Table
338,POST,Analysis Story Table,Capacity Irregularity Check(Weak Story),POST/TABLE,Post,CAPACITY_IRREGULARITY,Capacity Irregularity Check(Weak Story) - Analysis Story Table,,,0,1,1,16,2026-07-29,https://support.midasuser.com/hc/en-us/articles/49513198751385-Capacity-Irregularity-Check-Weak-Story-Story-Result-Table
339,POST,Time History Result Table,Ductility Factor(D/D2)-Lumped Ductility Factor(D/D2)-Distributed Ductility Factor(D/D2)-Wall Ductility Factor(D/D2)-Truss Ductility Factor(D/D2)-Spring,post/TABLE,POST,"IEHG_DUCT_D2_DIST, IEHG_DUCT_D2_LUMPED, IEHG_DUCT_D2_SPRING, IEHG_DUCT_D2_TRUSS, IEHG_DUCT_D2_WALL",Inelastic Hinge Ductility Factor(D/D2) - TH Result Table,,yes,0,5,5,14,2025-04-27,https://support.midasuser.com/hc/en-us/articles/36020877017497-Inelastic-Hinge-Ductility-Factor-D-D2-TH-Result-Table
340,POST,Analysis Result Table,Vibartion Mode-Eigenvalue Vibartion Mode-Participation Vector,post/TABLE,POST,"EIGENVALUEMODE, PARTICIPATIONVECTORMODE",Vibration Mode Shape - Analysis Result Table,,yes,0,2,2,21,2025-04-25,https://support.midasuser.com/hc/en-us/articles/36017669319321-Vibration-Mode-Shape-Analysis-Result-Table
341,POST,Analysis Story Table,Criteria for Regularity in Plan,POST/TABLE,Post,CRITERIA_FOR_REGULARITY_IN_PLAN,Criteria for Regularity in Plan - Analysis Story Table,,,0,1,1,13,2026-07-30,https://support.midasuser.com/hc/en-us/articles/49513284077721-Criteria-for-Regularity-in-Plan-Story-Result-Table
342,POST,Time History Result Table,Estimate Yield Strength,post/TABLE,POST,FIBR_YILEDSTRENGTH,Fiber Section Estimate Yield Strength - TH Result Table,,yes,0,1,1,21,2025-04-27,https://support.midasuser.com/hc/en-us/articles/39237582598937-Fiber-Section-Estimate-Yield-Strength-TH-Result-Table
343,POST,Analysis Result Table,Buckling Mode,post/TABLE,POST,BUCKLINGMODE,Buckling Mode Shape - Analysis Result Table,,yes,0,1,1,21,2025-04-25,https://support.midasuser.com/hc/en-us/articles/36017712087065-Buckling-Mode-Shape-Analysis-Result-Table
344,POST,Analysis Story Table,Ultimate Story Shear For Check,POST/TABLE,Post,ULTIMATE_STORY_SHEAR_FORCE_CHECK,Ultimate Story Shear For Check - Analysis Story Table,,,0,1,1,17,2026-07-30,https://support.midasuser.com/hc/en-us/articles/49513305580569-Ultimate-Story-Shear-For-Check-Story-Result-Table
345,POST,Time History Result Table,Elastic Modulus Retention Rate ᴶ⁾,post/TABLE,POST,FIBR_ELASTREMAIN,Fiber Section Elastic Modulus Retention Rate - TH Result Table,,yes,0,1,1,14,2025-04-27,https://support.midasuser.com/hc/en-us/articles/39237678441497-Fiber-Section-Elastic-Modulus-Retention-Rate-TH-Result-Table
346,POST,Analysis Result Table,Effective Span Length-Truss Effective Span Length-Beam Effective Span Length-Plate,post/TABLE,POST,"EFFECTIVE_LENGTH_BEAM, EFFECTIVE_LENGTH_PLATE, EFFECTIVE_LENGTH_TRUSS",Effective Span Length - Analysis Result Table,,yes,0,3,3,13,2025-04-25,https://support.midasuser.com/hc/en-us/articles/36017771824281-Effective-Span-Length-Analysis-Result-Table
347,POST,Analysis Story Table,Weight Irregularity Check - Story Result Table,post/TABLE,POST,,Weight Irregularity Check - Analysis Story Table,,yes,0,0,0,20,2026-07-24,https://support.midasuser.com/hc/en-us/articles/58746274895769-Weight-Irregularity-Check-Story-Result-Table
348,POST,Time History Result Table,Maximum Strain of The Cell ᴶ⁾,post/TABLE,POST,FIBR_MAXCONTRACT,Fiber Section Maximum Strain of The Cell - TH Result Table,,yes,0,1,1,21,2025-04-27,https://support.midasuser.com/hc/en-us/articles/39237774129433-Fiber-Section-Maximum-Strain-of-The-Cell-TH-Result-Table
349,POST,Analysis Result Table,Nodal Results of RS-Inertia Force Nodal Results of RS-Acceleration,post/TABLE,POST,"RS_NODAL_ACCEL, RS_NODAL_INERTIA",Nodal Results of RS - Analysis Result Table,,yes,0,2,2,22,2025-04-25,https://support.midasuser.com/hc/en-us/articles/36017837129241-Nodal-Results-of-RS-Analysis-Result-Table
350,POST,Time History Result Table,Event Step ᴶ⁾,post/TABLE,POST,FIBR_EVENTSTEP,Fiber Section Event Step - TH Result Table,,yes,0,1,1,20,2025-04-27,https://support.midasuser.com/hc/en-us/articles/39237785220505-Fiber-Section-Event-Step-TH-Result-Table
351,POST,Analysis Result Table,Tendon Coordinates,post/TABLE,POST,TNDN_COORDINATES,Tendon Coordinates - Analysis Result Table,,yes,0,1,1,13,2025-04-25,https://support.midasuser.com/hc/en-us/articles/36017935058713-Tendon-Coordinates-Analysis-Result-Table
352,POST,Time History Result Table,Average Compression Strain ᴶ⁾,post/TABLE,POST,FIBR_MEANCOMPCONTRACT,Fiber Section Average Compression Strain - TH Result Table,,yes,0,1,1,21,2025-04-27,https://support.midasuser.com/hc/en-us/articles/39237854424601-Fiber-Section-Average-Compression-Strain-TH-Result-Table
353,POST,Analysis Result Table,Composite Section for C.S. Force Composite Section for C.S. Stress,post/TABLE,POST,"COMPSECTBEAMFORCE, COMPSECTBEAMSTRESS",Composite Section for C.S. (Force and Stress) - Analysis Result Table,,yes,0,4,4,25,2025-04-25,https://support.midasuser.com/hc/en-us/articles/36018521410457-Composite-Section-for-C-S-Force-and-Stress-Analysis-Result-Table
354,POST,Analysis Result Table,Element Properties at Each Stage,post/TABLE,POST,ELEM_PROP_EACH_STAGE,Element Properties at Each Stage - Analysis Result Table,,yes,0,1,1,16,2025-04-27,https://support.midasuser.com/hc/en-us/articles/36018688503065-Element-Properties-at-Each-Stage-Analysis-Result-Table
355,POST,Analysis Result Table,Lack of Fit Force-Truss,post/TABLE,POST,LACK_OF_FIT_FORCE_TRUSS,Lack of Fit Force (Truss) - Analysis Result Table,,yes,0,1,1,13,2025-04-27,https://support.midasuser.com/hc/en-us/articles/36018798699161-Lack-of-Fit-Force-Truss-Analysis-Result-Table
356,POST,Analysis Result Table,Equilibrium Element Nodal Force,post/TABLE,POST,EQUILIBRIUM_ELEM_FORCE,Equilibrium Element Nodal Force - Analysis Result Table,,yes,0,1,1,13,2025-04-27,https://support.midasuser.com/hc/en-us/articles/36018955537177-Equilibrium-Element-Nodal-Force-Analysis-Result-Table
357,POST,Analysis Result Table,Initial Element Force,post/TABLE,POST,INITIAL_ELEM_FORCE,Initial Element Force - Analysis Result Table,,yes,0,1,1,13,2025-04-27,https://support.midasuser.com/hc/en-us/articles/36018962493721-Initial-Element-Force-Analysis-Result-Table
358,POST,Analysis Result Table,Wall Force/Moment,POST/TABLE,Post,"WALL_FORCE_MOMENT, string",Wall Force/Moment - Analysis Result Table,,yes,0,1,1,22,2026-07-29,https://support.midasuser.com/hc/en-us/articles/49513398732953-Wall-Force-Analysis-Result-Table
359,POST,Analysis Result Table,Concurrent Joint Force Table,post/table,POST,,Concurrent Joint Force Table,,yes,0,0,0,22,2026-08-07,https://support.midasuser.com/hc/en-us/articles/59520540732185-Concurrent-Joint-Force-Table
